_id,imdbid
5ea21def0f80cf18ca2193b0,tt10039468
5ea21def0f80cf18ca2193b1,
5ea21def0f80cf18ca2193b2,
5ea21def0f80cf18ca2193b3,tt6259380
5ea21def0f80cf18ca2193b4,tt8783532
5ea21def0f80cf18ca2193b5,tt6328116
5ea21def0f80cf18ca2193b6,tt9364848
5ea21def0f80cf18ca2193b7,tt8857590
5ea21def0f80cf18ca2193b8,
5ea21def0f80cf18ca2193b9,
5ea21def0f80cf18ca2193ba,
5ea21def0f80cf18ca2193bb,tt0301231
5ea21def0f80cf18ca2193bc,
5ea21def0f80cf18ca2193bd,tt0415908
5ea21def0f80cf18ca2193be,tt3802576
5ea21def0f80cf18ca2193bf,tt4939436
5ea21def0f80cf18ca2193c0,tt0107060
5ea21def0f80cf18ca2193c1,tt1185420
5ea21def0f80cf18ca2193c2,tt0164550
5ea21def0f80cf18ca2193c3,tt0098999
5ea21def0f80cf18ca2193c4,tt0239682
5ea21def0f80cf18ca2193c5,tt3398268
5ea21def0f80cf18ca2193c6,tt0113824
5ea21def0f80cf18ca2193c7,tt0110008
5ea21def0f80cf18ca2193c8,tt0347149
5ea21def0f80cf18ca2193c9,tt1798188
5ea21def0f80cf18ca2193ca,tt7048622
5ea21def0f80cf18ca2193cb,
5ea21def0f80cf18ca2193cc,tt7624840
5ea21def0f80cf18ca2193cd,
5ea21def0f80cf18ca2193ce,
5ea21def0f80cf18ca2193cf,
5ea21def0f80cf18ca2193d0,tt10864040
5ea21def0f80cf18ca2193d1,
5ea21def0f80cf18ca2193d2,tt10011508
5ea21def0f80cf18ca2193d3,
5ea21def0f80cf18ca2193d4,tt11316824
5ea21def0f80cf18ca2193d5,
5ea21def0f80cf18ca2193d6,tt7543538
5ea21def0f80cf18ca2193d7,tt8228288
5ea21def0f80cf18ca2193d8,tt2983222
5ea21def0f80cf18ca2193d9,tt6436212
5ea21def0f80cf18ca2193da,tt7785420
5ea21def0f80cf18ca2193db,
5ea21def0f80cf18ca2193dc,tt8686460
5ea21def0f80cf18ca2193dd,tt10845262
5ea21def0f80cf18ca2193de,tt5813910
5ea21def0f80cf18ca2193df,tt10254986
5ea21def0f80cf18ca2193e0,
5ea21def0f80cf18ca2193e1,tt9358200
5ea21def0f80cf18ca2193e2,tt7324726
5ea21def0f80cf18ca2193e3,
5ea21def0f80cf18ca2193e4,
5ea21def0f80cf18ca2193e5,tt8889472
5ea21def0f80cf18ca2193e6,
5ea21def0f80cf18ca2193e7,tt0456149
5ea21def0f80cf18ca2193e8,tt1403047
5ea21def0f80cf18ca2193e9,
5ea21def0f80cf18ca2193ea,
5ea21def0f80cf18ca2193eb,
5ea21def0f80cf18ca2193ec,tt6301712
5ea21def0f80cf18ca2193ed,tt11262978
5ea21def0f80cf18ca2193ee,tt2336014
5ea21def0f80cf18ca2193ef,tt0087544
5ea21def0f80cf18ca2193f0,tt0206013
5ea21def0f80cf18ca2193f1,
5ea21def0f80cf18ca2193f2,
5ea21def0f80cf18ca2193f3,
5ea21def0f80cf18ca2193f4,tt8693266
5ea21def0f80cf18ca2193f5,
5ea21def0f80cf18ca2193f6,
5ea21def0f80cf18ca2193f7,tt8130904
5ea21def0f80cf18ca2193f8,tt9204958
5ea21def0f80cf18ca2193f9,tt8076222
5ea21def0f80cf18ca2193fa,
5ea21def0f80cf18ca2193fb,tt10896172
5ea21def0f80cf18ca2193fc,
5ea21def0f80cf18ca2193fd,
5ea21def0f80cf18ca2193fe,tt10127562
5ea21def0f80cf18ca2193ff,
5ea21def0f80cf18ca219400,tt7786346
5ea21def0f80cf18ca219401,tt5000984
5ea21def0f80cf18ca219402,tt10367818
5ea21def0f80cf18ca219403,tt10643938
5ea21def0f80cf18ca219404,
5ea21def0f80cf18ca219405,
5ea21def0f80cf18ca219406,tt8630282
5ea21def0f80cf18ca219407,
5ea21def0f80cf18ca219408,tt7440732
5ea21def0f80cf18ca219409,tt0104652
5ea21def0f80cf18ca21940a,tt0102587
5ea21def0f80cf18ca21940b,tt0108432
5ea21def0f80cf18ca21940c,tt0495596
5ea21def0f80cf18ca21940d,
5ea21def0f80cf18ca21940e,tt0097814
5ea21def0f80cf18ca21940f,tt0092067
5ea21def0f80cf18ca219410,tt6974886
5ea21def0f80cf18ca219411,
5ea21def0f80cf18ca219412,tt6527586
5ea21def0f80cf18ca219413,tt9614988
5ea21def0f80cf18ca219414,
5ea21def0f80cf18ca219415,tt5514296
5ea21def0f80cf18ca219416,tt10039468
5ea21def0f80cf18ca219417,
5ea21def0f80cf18ca219418,tt10397734
5ea21def0f80cf18ca219419,
5ea21def0f80cf18ca21941a,
5ea21def0f80cf18ca21941b,tt7629780
5ea21def0f80cf18ca21941c,
5ea21def0f80cf18ca21941d,tt10613550
5ea21def0f80cf18ca21941e,
5ea21def0f80cf18ca21941f,
5ea21def0f80cf18ca219420,
5ea21def0f80cf18ca219421,tt6259380
5ea21def0f80cf18ca219422,tt6328116
5ea21def0f80cf18ca219423,tt9364848
5ea21def0f80cf18ca219424,tt3517870
5ea21def0f80cf18ca219425,tt8857590
5ea21def0f80cf18ca219426,
5ea21def0f80cf18ca219427,
5ea21def0f80cf18ca219428,tt0301231
5ea21def0f80cf18ca219429,
5ea21def0f80cf18ca21942a,tt0415908
5ea21def0f80cf18ca21942b,tt3802576
5ea21def0f80cf18ca21942c,tt4939436
5ea21def0f80cf18ca21942d,tt0107060
5ea21def0f80cf18ca21942e,tt1185420
5ea21def0f80cf18ca21942f,tt0164550
5ea21def0f80cf18ca219430,tt0098999
5ea21def0f80cf18ca219431,tt0239682
5ea21def0f80cf18ca219432,tt3398268
5ea21def0f80cf18ca219433,tt0113824
5ea21def0f80cf18ca219434,tt0110008
5ea21def0f80cf18ca219435,tt0347149
5ea21def0f80cf18ca219436,tt1798188
5ea21def0f80cf18ca219437,
5ea21def0f80cf18ca219438,tt7624840
5ea21def0f80cf18ca219439,
5ea21def0f80cf18ca21943a,
5ea21def0f80cf18ca21943b,
5ea21def0f80cf18ca21943c,
5ea21def0f80cf18ca21943d,tt6685596
5ea21def0f80cf18ca21943e,
5ea21def0f80cf18ca21943f,
5ea21def0f80cf18ca219440,tt10864040
5ea21def0f80cf18ca219441,
5ea21def0f80cf18ca219442,tt10011508
5ea21def0f80cf18ca219443,tt11316824
5ea21def0f80cf18ca219444,tt8350360
5ea21def0f80cf18ca219445,tt8228288
5ea21def0f80cf18ca219446,tt2983222
5ea21def0f80cf18ca219447,tt6436212
5ea21def0f80cf18ca219448,tt7785420
5ea21def0f80cf18ca219449,tt9176260
5ea21def0f80cf18ca21944a,tt8816992
5ea21def0f80cf18ca21944b,tt8686460
5ea21def0f80cf18ca21944c,tt10845262
5ea21def0f80cf18ca21944d,tt6378942
5ea21def0f80cf18ca21944e,tt10254986
5ea21def0f80cf18ca21944f,
5ea21def0f80cf18ca219450,
5ea21def0f80cf18ca219451,tt9358200
5ea21def0f80cf18ca219452,tt7324726
5ea21def0f80cf18ca219453,
5ea21def0f80cf18ca219454,
5ea21def0f80cf18ca219455,tt4356480
5ea21def0f80cf18ca219456,tt8889472
5ea21def0f80cf18ca219457,
5ea21def0f80cf18ca219458,tt0456149
5ea21def0f80cf18ca219459,tt1403047
5ea21def0f80cf18ca21945a,
5ea21def0f80cf18ca21945b,tt8737124
5ea21def0f80cf18ca21945c,
5ea21def0f80cf18ca21945d,tt10108544
5ea21def0f80cf18ca21945e,
5ea21def0f80cf18ca21945f,tt11262978
5ea21def0f80cf18ca219460,tt9015306
5ea21def0f80cf18ca219461,tt2336014
5ea21def0f80cf18ca219462,tt0087544
5ea21def0f80cf18ca219463,tt0206013
5ea21def0f80cf18ca219464,
5ea21def0f80cf18ca219465,
5ea21def0f80cf18ca219466,
5ea21def0f80cf18ca219467,tt8693266
5ea21def0f80cf18ca219468,tt3741700
5ea21def0f80cf18ca219469,
5ea21def0f80cf18ca21946a,tt6659936
5ea21def0f80cf18ca21946b,
5ea21def0f80cf18ca21946c,tt9026184
5ea21def0f80cf18ca21946d,tt8130904
5ea21def0f80cf18ca21946e,tt8076222
5ea21def0f80cf18ca21946f,
5ea21def0f80cf18ca219470,
5ea21def0f80cf18ca219471,tt10896172
5ea21def0f80cf18ca219472,
5ea21def0f80cf18ca219473,tt10127562
5ea21def0f80cf18ca219474,
5ea21def0f80cf18ca219475,tt7786346
5ea21def0f80cf18ca219476,tt5000984
5ea21def0f80cf18ca219477,tt10367818
5ea21def0f80cf18ca219478,
5ea21def0f80cf18ca219479,tt5514296
5ea21def0f80cf18ca21947a,tt10039468
5ea21def0f80cf18ca21947b,
5ea21def0f80cf18ca21947c,tt10397734
5ea21def0f80cf18ca21947d,
5ea21def0f80cf18ca21947e,
5ea21def0f80cf18ca21947f,tt1668053
5ea21def0f80cf18ca219480,tt1795681
5ea21def0f80cf18ca219481,
5ea21def0f80cf18ca219482,
5ea21def0f80cf18ca219483,
5ea21def0f80cf18ca219484,tt1020956
5ea21def0f80cf18ca219485,tt7629780
5ea21def0f80cf18ca219486,
5ea21def0f80cf18ca219487,tt2364114
5ea21def0f80cf18ca219488,
5ea21def0f80cf18ca219489,
5ea21def0f80cf18ca21948a,tt1272034
5ea21def0f80cf18ca21948b,tt6449770
5ea21def0f80cf18ca21948c,
5ea21def0f80cf18ca21948d,tt6259380
5ea21def0f80cf18ca21948e,tt6328116
5ea21def0f80cf18ca21948f,tt9364848
5ea21def0f80cf18ca219490,tt10514468
5ea21def0f80cf18ca219491,tt8857590
5ea21def0f80cf18ca219492,
5ea21def0f80cf18ca219493,
5ea21def0f80cf18ca219494,
5ea21def0f80cf18ca219495,tt0301231
5ea21def0f80cf18ca219496,
5ea21def0f80cf18ca219497,tt0415908
5ea21def0f80cf18ca219498,tt3802576
5ea21def0f80cf18ca219499,tt4939436
5ea21def0f80cf18ca21949a,tt0107060
5ea21def0f80cf18ca21949b,tt1185420
5ea21def0f80cf18ca21949c,tt0164550
5ea21def0f80cf18ca21949d,tt0098999
5ea21def0f80cf18ca21949e,tt0239682
5ea21def0f80cf18ca21949f,tt3398268
5ea21def0f80cf18ca2194a0,tt0113824
5ea21def0f80cf18ca2194a1,tt0110008
5ea21def0f80cf18ca2194a2,tt0347149
5ea21def0f80cf18ca2194a3,tt1798188
5ea21def0f80cf18ca2194a4,tt7469204
5ea21def0f80cf18ca2194a5,
5ea21def0f80cf18ca2194a6,tt7624840
5ea21def0f80cf18ca2194a7,
5ea21def0f80cf18ca2194a8,
5ea21def0f80cf18ca2194a9,
5ea21def0f80cf18ca2194aa,tt10864040
5ea21def0f80cf18ca2194ab,
5ea21def0f80cf18ca2194ac,tt10011508
5ea21def0f80cf18ca2194ad,tt11316824
5ea21def0f80cf18ca2194ae,
5ea21def0f80cf18ca2194af,tt8228288
5ea21def0f80cf18ca2194b0,tt2983222
5ea21def0f80cf18ca2194b1,tt6436212
5ea21def0f80cf18ca2194b2,
5ea21def0f80cf18ca2194b3,tt0159362
5ea21def0f80cf18ca2194b4,
5ea21def0f80cf18ca2194b5,tt0159361
5ea21def0f80cf18ca2194b6,tt0099272
5ea21def0f80cf18ca2194b7,tt0097067
5ea21def0f80cf18ca2194b8,tt7785420
5ea21def0f80cf18ca2194b9,
5ea21def0f80cf18ca2194ba,tt7524624
5ea21def0f80cf18ca2194bb,tt8686460
5ea21def0f80cf18ca2194bc,tt10845262
5ea21def0f80cf18ca2194bd,tt5813910
5ea21def0f80cf18ca2194be,tt10254986
5ea21def0f80cf18ca2194bf,
5ea21def0f80cf18ca2194c0,tt9358200
5ea21def0f80cf18ca2194c1,tt7324726
5ea21def0f80cf18ca2194c2,
5ea21def0f80cf18ca2194c3,
5ea21def0f80cf18ca2194c4,tt8889472
5ea21def0f80cf18ca2194c5,tt0456149
5ea21def0f80cf18ca2194c6,tt1403047
5ea21def0f80cf18ca2194c7,
5ea21def0f80cf18ca2194c8,
5ea21def0f80cf18ca2194c9,
5ea21def0f80cf18ca2194ca,tt11262978
5ea21def0f80cf18ca2194cb,tt8413624
5ea21def0f80cf18ca2194cc,tt5246902
5ea21def0f80cf18ca2194cd,tt2336014
5ea21def0f80cf18ca2194ce,tt0087544
5ea21def0f80cf18ca2194cf,tt0206013
5ea21def0f80cf18ca2194d0,
5ea21def0f80cf18ca2194d1,
5ea21def0f80cf18ca2194d2,
5ea21def0f80cf18ca2194d3,tt8693266
5ea21def0f80cf18ca2194d4,
5ea21def0f80cf18ca2194d5,
5ea21def0f80cf18ca2194d6,tt8130904
5ea21def0f80cf18ca2194d7,tt8076222
5ea21def0f80cf18ca2194d8,
5ea21def0f80cf18ca2194d9,tt10896172
5ea21def0f80cf18ca2194da,
5ea21def0f80cf18ca2194db,tt10127562
5ea21def0f80cf18ca2194dc,
5ea21def0f80cf18ca2194dd,tt5514296
5ea21def0f80cf18ca2194de,tt10039468
5ea21def0f80cf18ca2194df,
5ea21def0f80cf18ca2194e0,tt10397734
5ea21def0f80cf18ca2194e1,
5ea21def0f80cf18ca2194e2,
5ea21def0f80cf18ca2194e3,tt1668053
5ea21def0f80cf18ca2194e4,tt10984818
5ea21def0f80cf18ca2194e5,
5ea21def0f80cf18ca2194e6,tt1020956
5ea21def0f80cf18ca2194e7,tt7629780
5ea21def0f80cf18ca2194e8,
5ea21def0f80cf18ca2194e9,tt2364114
5ea21def0f80cf18ca2194ea,
5ea21def0f80cf18ca2194eb,
5ea21def0f80cf18ca2194ec,tt1272034
5ea21def0f80cf18ca2194ed,tt6449770
5ea21def0f80cf18ca2194ee,
5ea21def0f80cf18ca2194ef,tt6259380
5ea21def0f80cf18ca2194f0,tt8783532
5ea21def0f80cf18ca2194f1,tt6328116
5ea21def0f80cf18ca2194f2,tt9364848
5ea21def0f80cf18ca2194f3,tt8857590
5ea21def0f80cf18ca2194f4,
5ea21def0f80cf18ca2194f5,
5ea21def0f80cf18ca2194f6,
5ea21def0f80cf18ca2194f7,tt0301231
5ea21def0f80cf18ca2194f8,
5ea21def0f80cf18ca2194f9,tt0415908
5ea21def0f80cf18ca2194fa,tt3802576
5ea21def0f80cf18ca2194fb,tt4939436
5ea21def0f80cf18ca2194fc,tt0107060
5ea21def0f80cf18ca2194fd,tt1185420
5ea21def0f80cf18ca2194fe,tt0164550
5ea21def0f80cf18ca2194ff,tt0098999
5ea21def0f80cf18ca219500,tt0239682
5ea21def0f80cf18ca219501,
5ea21def0f80cf18ca219502,tt3398268
5ea21def0f80cf18ca219503,tt0113824
5ea21def0f80cf18ca219504,tt0110008
5ea21def0f80cf18ca219505,tt0347149
5ea21def0f80cf18ca219506,tt1798188
5ea21def0f80cf18ca219507,
5ea21def0f80cf18ca219508,tt7624840
5ea21def0f80cf18ca219509,
5ea21def0f80cf18ca21950a,
5ea21def0f80cf18ca21950b,
5ea21def0f80cf18ca21950c,tt10864040
5ea21def0f80cf18ca21950d,
5ea21def0f80cf18ca21950e,tt10011508
5ea21def0f80cf18ca21950f,
5ea21def0f80cf18ca219510,tt11316824
5ea21def0f80cf18ca219511,
5ea21def0f80cf18ca219512,tt7543538
5ea21def0f80cf18ca219513,tt8228288
5ea21def0f80cf18ca219514,tt2983222
5ea21def0f80cf18ca219515,tt6436212
5ea21def0f80cf18ca219516,tt7785420
5ea21def0f80cf18ca219517,
5ea21def0f80cf18ca219518,
5ea21def0f80cf18ca219519,
5ea21def0f80cf18ca21951a,
5ea21def0f80cf18ca21951b,tt8686460
5ea21def0f80cf18ca21951c,tt10845262
5ea21def0f80cf18ca21951d,tt5813910
5ea21def0f80cf18ca21951e,tt10254986
5ea21def0f80cf18ca21951f,
5ea21def0f80cf18ca219520,tt9358200
5ea21def0f80cf18ca219521,tt7324726
5ea21def0f80cf18ca219522,
5ea21def0f80cf18ca219523,
5ea21def0f80cf18ca219524,tt8889472
5ea21def0f80cf18ca219525,
5ea21def0f80cf18ca219526,tt0456149
5ea21def0f80cf18ca219527,tt1403047
5ea21def0f80cf18ca219528,
5ea21def0f80cf18ca219529,
5ea21def0f80cf18ca21952a,
5ea21def0f80cf18ca21952b,
5ea21def0f80cf18ca21952c,tt11262978
5ea21def0f80cf18ca21952d,tt2336014
5ea21def0f80cf18ca21952e,tt0087544
5ea21def0f80cf18ca21952f,tt0206013
5ea21def0f80cf18ca219530,
5ea21def0f80cf18ca219531,
5ea21def0f80cf18ca219532,
5ea21def0f80cf18ca219533,tt8693266
5ea21def0f80cf18ca219534,
5ea21def0f80cf18ca219535,
5ea21def0f80cf18ca219536,tt8130904
5ea21def0f80cf18ca219537,tt9204958
5ea21def0f80cf18ca219538,tt8076222
5ea21def0f80cf18ca219539,
5ea21def0f80cf18ca21953a,tt10896172
5ea21def0f80cf18ca21953b,
5ea21def0f80cf18ca21953c,
5ea21def0f80cf18ca21953d,tt10127562
5ea21def0f80cf18ca21953e,
5ea21def0f80cf18ca21953f,tt7786346
5ea21def0f80cf18ca219540,
5ea21def0f80cf18ca219541,tt5514296
5ea21def0f80cf18ca219542,tt10039468
5ea21def0f80cf18ca219543,
5ea21def0f80cf18ca219544,tt10397734
5ea21def0f80cf18ca219545,tt6662736
5ea21def0f80cf18ca219546,
5ea21def0f80cf18ca219547,tt7629780
5ea21def0f80cf18ca219548,tt10613550
5ea21def0f80cf18ca219549,
5ea21def0f80cf18ca21954a,
5ea21def0f80cf18ca21954b,tt5795086
5ea21def0f80cf18ca21954c,tt8783532
5ea21def0f80cf18ca21954d,tt6328116
5ea21def0f80cf18ca21954e,tt9364848
5ea21def0f80cf18ca21954f,tt7612748
5ea21def0f80cf18ca219550,tt3517870
5ea21def0f80cf18ca219551,tt9135260
5ea21def0f80cf18ca219552,
5ea21def0f80cf18ca219553,tt8857590
5ea21def0f80cf18ca219554,
5ea21def0f80cf18ca219555,
5ea21def0f80cf18ca219556,
5ea21def0f80cf18ca219557,tt8801584
5ea21def0f80cf18ca219558,tt2927212
5ea21def0f80cf18ca219559,
5ea21def0f80cf18ca21955a,tt0301231
5ea21def0f80cf18ca21955b,
5ea21def0f80cf18ca21955c,tt0415908
5ea21def0f80cf18ca21955d,tt3802576
5ea21def0f80cf18ca21955e,tt4939436
5ea21def0f80cf18ca21955f,tt0107060
5ea21def0f80cf18ca219560,tt1185420
5ea21def0f80cf18ca219561,tt0164550
5ea21def0f80cf18ca219562,tt0098999
5ea21def0f80cf18ca219563,tt0239682
5ea21def0f80cf18ca219564,
5ea21def0f80cf18ca219565,tt7624840
5ea21def0f80cf18ca219566,
5ea21def0f80cf18ca219567,
5ea21def0f80cf18ca219568,
5ea21def0f80cf18ca219569,
5ea21def0f80cf18ca21956a,
5ea21def0f80cf18ca21956b,tt5266668
5ea21def0f80cf18ca21956c,
5ea21def0f80cf18ca21956d,tt10864040
5ea21def0f80cf18ca21956e,
5ea21def0f80cf18ca21956f,tt10011508
5ea21def0f80cf18ca219570,tt10253466
5ea21def0f80cf18ca219571,tt11316824
5ea21def0f80cf18ca219572,
5ea21def0f80cf18ca219573,tt4827922
5ea21def0f80cf18ca219574,tt6613958
5ea21def0f80cf18ca219575,tt8228288
5ea21def0f80cf18ca219576,tt2983222
5ea21def0f80cf18ca219577,tt6436212
5ea21def0f80cf18ca219578,tt7428820
5ea21def0f80cf18ca219579,tt7785420
5ea21def0f80cf18ca21957a,
5ea21def0f80cf18ca21957b,
5ea21def0f80cf18ca21957c,
5ea21def0f80cf18ca21957d,tt9176260
5ea21def0f80cf18ca21957e,tt9465600
5ea21def0f80cf18ca21957f,tt7313348
5ea21def0f80cf18ca219580,tt8816992
5ea21def0f80cf18ca219581,tt8686460
5ea21def0f80cf18ca219582,tt10845262
5ea21def0f80cf18ca219583,tt6378942
5ea21def0f80cf18ca219584,tt10254986
5ea21def0f80cf18ca219585,
5ea21def0f80cf18ca219586,
5ea21def0f80cf18ca219587,tt9358200
5ea21def0f80cf18ca219588,tt7324726
5ea21def0f80cf18ca219589,
5ea21def0f80cf18ca21958a,tt0080549
5ea21def0f80cf18ca21958b,
5ea21def0f80cf18ca21958c,tt4356480
5ea21def0f80cf18ca21958d,tt8781414
5ea21def0f80cf18ca21958e,tt8889472
5ea21def0f80cf18ca21958f,
5ea21def0f80cf18ca219590,tt0456149
5ea21def0f80cf18ca219591,tt1403047
5ea21def0f80cf18ca219592,tt8737124
5ea21def0f80cf18ca219593,
5ea21def0f80cf18ca219594,tt10108544
5ea21def0f80cf18ca219595,
5ea21def0f80cf18ca219596,tt11262978
5ea21def0f80cf18ca219597,tt0132477
5ea21def0f80cf18ca219598,
5ea21def0f80cf18ca219599,tt0301181
5ea21def0f80cf18ca21959a,tt5104604
5ea21def0f80cf18ca21959b,tt8413624
5ea21def0f80cf18ca21959c,tt9015306
5ea21def0f80cf18ca21959d,tt2336014
5ea21def0f80cf18ca21959e,
5ea21def0f80cf18ca21959f,
5ea21def0f80cf18ca2195a0,
5ea21def0f80cf18ca2195a1,tt8693266
5ea21def0f80cf18ca2195a2,tt0204626
5ea21def0f80cf18ca2195a3,
5ea21def0f80cf18ca2195a4,tt6280858
5ea21def0f80cf18ca2195a5,
5ea21def0f80cf18ca2195a6,tt5514296
5ea21def0f80cf18ca2195a7,tt10039468
5ea21def0f80cf18ca2195a8,
5ea21def0f80cf18ca2195a9,tt3019694
5ea21def0f80cf18ca2195aa,tt10397734
5ea21def0f80cf18ca2195ab,
5ea21def0f80cf18ca2195ac,tt1668053
5ea21def0f80cf18ca2195ad,tt1795681
5ea21def0f80cf18ca2195ae,
5ea21def0f80cf18ca2195af,tt0291213
5ea21def0f80cf18ca2195b0,
5ea21def0f80cf18ca2195b1,
5ea21def0f80cf18ca2195b2,
5ea21def0f80cf18ca2195b3,tt1020956
5ea21def0f80cf18ca2195b4,tt7629780
5ea21def0f80cf18ca2195b5,
5ea21def0f80cf18ca2195b6,tt2364114
5ea21def0f80cf18ca2195b7,
5ea21def0f80cf18ca2195b8,
5ea21def0f80cf18ca2195b9,tt1272034
5ea21def0f80cf18ca2195ba,tt6449770
5ea21def0f80cf18ca2195bb,
5ea21def0f80cf18ca2195bc,tt7231560
5ea21def0f80cf18ca2195bd,tt6328116
5ea21def0f80cf18ca2195be,
5ea21def0f80cf18ca2195bf,tt1247657
5ea21def0f80cf18ca2195c0,tt9364848
5ea21def0f80cf18ca2195c1,tt8857590
5ea21def0f80cf18ca2195c2,
5ea21def0f80cf18ca2195c3,
5ea21def0f80cf18ca2195c4,
5ea21def0f80cf18ca2195c5,
5ea21def0f80cf18ca2195c6,
5ea21def0f80cf18ca2195c7,tt0301231
5ea21def0f80cf18ca2195c8,
5ea21def0f80cf18ca2195c9,tt0415908
5ea21def0f80cf18ca2195ca,tt3802576
5ea21def0f80cf18ca2195cb,tt4939436
5ea21def0f80cf18ca2195cc,tt0107060
5ea21def0f80cf18ca2195cd,tt1185420
5ea21def0f80cf18ca2195ce,tt0164550
5ea21def0f80cf18ca2195cf,tt0098999
5ea21def0f80cf18ca2195d0,tt0239682
5ea21def0f80cf18ca2195d1,tt7014318
5ea21def0f80cf18ca2195d2,tt3398268
5ea21def0f80cf18ca2195d3,tt0113824
5ea21def0f80cf18ca2195d4,tt0110008
5ea21def0f80cf18ca2195d5,
5ea21def0f80cf18ca2195d6,
5ea21def0f80cf18ca2195d7,tt0347149
5ea21def0f80cf18ca2195d8,
5ea21def0f80cf18ca2195d9,tt1798188
5ea21def0f80cf18ca2195da,tt1650427
5ea21def0f80cf18ca2195db,tt0246514
5ea21def0f80cf18ca2195dc,tt0187696
5ea21def0f80cf18ca2195dd,
5ea21def0f80cf18ca2195de,tt7624840
5ea21def0f80cf18ca2195df,
5ea21def0f80cf18ca2195e0,tt3072732
5ea21def0f80cf18ca2195e1,
5ea21def0f80cf18ca2195e2,
5ea21def0f80cf18ca2195e3,tt10864040
5ea21def0f80cf18ca2195e4,
5ea21def0f80cf18ca2195e5,tt10011508
5ea21def0f80cf18ca2195e6,tt11316824
5ea21def0f80cf18ca2195e7,
5ea21def0f80cf18ca2195e8,tt8228288
5ea21def0f80cf18ca2195e9,tt2983222
5ea21def0f80cf18ca2195ea,tt6436212
5ea21def0f80cf18ca2195eb,
5ea21def0f80cf18ca2195ec,tt0159362
5ea21def0f80cf18ca2195ed,
5ea21def0f80cf18ca2195ee,tt0159361
5ea21def0f80cf18ca2195ef,tt0099272
5ea21def0f80cf18ca2195f0,tt0097067
5ea21def0f80cf18ca2195f1,tt7785420
5ea21def0f80cf18ca2195f2,tt8155182
5ea21def0f80cf18ca2195f3,tt6155194
5ea21def0f80cf18ca2195f4,
5ea21def0f80cf18ca2195f5,
5ea21def0f80cf18ca2195f6,tt8686460
5ea21def0f80cf18ca2195f7,tt10845262
5ea21def0f80cf18ca2195f8,tt5813910
5ea21def0f80cf18ca2195f9,tt10254986
5ea21def0f80cf18ca2195fa,
5ea21def0f80cf18ca2195fb,
5ea21def0f80cf18ca2195fc,tt9358200
5ea21df00f80cf18ca2195fd,tt7324726
5ea21df00f80cf18ca2195fe,
5ea21df00f80cf18ca2195ff,
5ea21df00f80cf18ca219600,tt8889472
5ea21df00f80cf18ca219601,tt0456149
5ea21df00f80cf18ca219602,tt1403047
5ea21df00f80cf18ca219603,
5ea21df00f80cf18ca219604,
5ea21df00f80cf18ca219605,
5ea21df00f80cf18ca219606,tt11262978
5ea21df00f80cf18ca219607,tt5246902
5ea21df00f80cf18ca219608,
5ea21df00f80cf18ca219609,tt5514296
5ea21df00f80cf18ca21960a,tt10039468
5ea21df00f80cf18ca21960b,
5ea21df00f80cf18ca21960c,tt3019694
5ea21df00f80cf18ca21960d,tt10397734
5ea21df00f80cf18ca21960e,
5ea21df00f80cf18ca21960f,tt1668053
5ea21df00f80cf18ca219610,
5ea21df00f80cf18ca219611,tt0291213
5ea21df00f80cf18ca219612,
5ea21df00f80cf18ca219613,
5ea21df00f80cf18ca219614,tt1020956
5ea21df00f80cf18ca219615,tt7629780
5ea21df00f80cf18ca219616,
5ea21df00f80cf18ca219617,tt2364114
5ea21df00f80cf18ca219618,
5ea21df00f80cf18ca219619,
5ea21df00f80cf18ca21961a,tt1272034
5ea21df00f80cf18ca21961b,tt6449770
5ea21df00f80cf18ca21961c,
5ea21df00f80cf18ca21961d,tt7231560
5ea21df00f80cf18ca21961e,tt8783532
5ea21df00f80cf18ca21961f,tt7399138
5ea21df00f80cf18ca219620,tt6328116
5ea21df00f80cf18ca219621,
5ea21df00f80cf18ca219622,tt1247657
5ea21df00f80cf18ca219623,tt9364848
5ea21df00f80cf18ca219624,tt8857590
5ea21df00f80cf18ca219625,
5ea21df00f80cf18ca219626,
5ea21df00f80cf18ca219627,
5ea21df00f80cf18ca219628,
5ea21df00f80cf18ca219629,
5ea21df00f80cf18ca21962a,tt0301231
5ea21df00f80cf18ca21962b,
5ea21df00f80cf18ca21962c,tt0415908
5ea21df00f80cf18ca21962d,tt3802576
5ea21df00f80cf18ca21962e,tt4939436
5ea21df00f80cf18ca21962f,tt0107060
5ea21df00f80cf18ca219630,tt1185420
5ea21df00f80cf18ca219631,tt0164550
5ea21df00f80cf18ca219632,tt0098999
5ea21df00f80cf18ca219633,tt0239682
5ea21df00f80cf18ca219634,tt3398268
5ea21df00f80cf18ca219635,tt0113824
5ea21df00f80cf18ca219636,tt0110008
5ea21df00f80cf18ca219637,
5ea21df00f80cf18ca219638,
5ea21df00f80cf18ca219639,tt0347149
5ea21df00f80cf18ca21963a,
5ea21df00f80cf18ca21963b,tt1798188
5ea21df00f80cf18ca21963c,tt1650427
5ea21df00f80cf18ca21963d,tt0246514
5ea21df00f80cf18ca21963e,tt0187696
5ea21df00f80cf18ca21963f,
5ea21df00f80cf18ca219640,tt7624840
5ea21df00f80cf18ca219641,
5ea21df00f80cf18ca219642,tt3072732
5ea21df00f80cf18ca219643,
5ea21df00f80cf18ca219644,
5ea21df00f80cf18ca219645,tt10864040
5ea21df00f80cf18ca219646,
5ea21df00f80cf18ca219647,tt10011508
5ea21df00f80cf18ca219648,
5ea21df00f80cf18ca219649,tt8228288
5ea21df00f80cf18ca21964a,tt2983222
5ea21df00f80cf18ca21964b,tt6436212
5ea21df00f80cf18ca21964c,tt7785420
5ea21df00f80cf18ca21964d,tt8155182
5ea21df00f80cf18ca21964e,tt6155194
5ea21df00f80cf18ca21964f,
5ea21df00f80cf18ca219650,
5ea21df00f80cf18ca219651,
5ea21df00f80cf18ca219652,tt7251666
5ea21df00f80cf18ca219653,
5ea21df00f80cf18ca219654,
5ea21df00f80cf18ca219655,tt4240654
5ea21df00f80cf18ca219656,tt8777022
5ea21df00f80cf18ca219657,
5ea21df00f80cf18ca219658,tt8686460
5ea21df00f80cf18ca219659,tt10845262
5ea21df00f80cf18ca21965a,tt5813910
5ea21df00f80cf18ca21965b,tt10254986
5ea21df00f80cf18ca21965c,
5ea21df00f80cf18ca21965d,
5ea21df00f80cf18ca21965e,tt9358200
5ea21df00f80cf18ca21965f,tt7324726
5ea21df00f80cf18ca219660,
5ea21df00f80cf18ca219661,
5ea21df00f80cf18ca219662,tt8889472
5ea21df00f80cf18ca219663,tt0456149
5ea21df00f80cf18ca219664,tt1403047
5ea21df00f80cf18ca219665,
5ea21df00f80cf18ca219666,
5ea21df00f80cf18ca219667,
5ea21df00f80cf18ca219668,tt11262978
5ea21df00f80cf18ca219669,tt5246902
5ea21df00f80cf18ca21966a,tt2336014
5ea21df00f80cf18ca21966b,tt0087544
5ea21df00f80cf18ca21966c,
5ea21df00f80cf18ca21966d,tt5514296
5ea21df00f80cf18ca21966e,tt10039468
5ea21df00f80cf18ca21966f,tt0081176
5ea21df00f80cf18ca219670,
5ea21df00f80cf18ca219671,tt10397734
5ea21df00f80cf18ca219672,
5ea21df00f80cf18ca219673,
5ea21df00f80cf18ca219674,tt1668053
5ea21df00f80cf18ca219675,tt1795681
5ea21df00f80cf18ca219676,
5ea21df00f80cf18ca219677,
5ea21df00f80cf18ca219678,
5ea21df00f80cf18ca219679,tt1020956
5ea21df00f80cf18ca21967a,tt7629780
5ea21df00f80cf18ca21967b,
5ea21df00f80cf18ca21967c,tt2364114
5ea21df00f80cf18ca21967d,
5ea21df00f80cf18ca21967e,
5ea21df00f80cf18ca21967f,tt1272034
5ea21df00f80cf18ca219680,tt6449770
5ea21df00f80cf18ca219681,
5ea21df00f80cf18ca219682,tt5642856
5ea21df00f80cf18ca219683,tt6259380
5ea21df00f80cf18ca219684,tt6328116
5ea21df00f80cf18ca219685,tt9364848
5ea21df00f80cf18ca219686,tt8857590
5ea21df00f80cf18ca219687,
5ea21df00f80cf18ca219688,
5ea21df00f80cf18ca219689,
5ea21df00f80cf18ca21968a,tt0301231
5ea21df00f80cf18ca21968b,
5ea21df00f80cf18ca21968c,tt0415908
5ea21df00f80cf18ca21968d,tt3802576
5ea21df00f80cf18ca21968e,tt4939436
5ea21df00f80cf18ca21968f,tt0107060
5ea21df00f80cf18ca219690,tt1185420
5ea21df00f80cf18ca219691,tt0164550
5ea21df00f80cf18ca219692,tt0098999
5ea21df00f80cf18ca219693,tt0239682
5ea21df00f80cf18ca219694,tt3398268
5ea21df00f80cf18ca219695,tt0113824
5ea21df00f80cf18ca219696,tt0082329
5ea21df00f80cf18ca219697,tt0110008
5ea21df00f80cf18ca219698,tt0347149
5ea21df00f80cf18ca219699,tt1798188
5ea21df00f80cf18ca21969a,
5ea21df00f80cf18ca21969b,tt7624840
5ea21df00f80cf18ca21969c,
5ea21df00f80cf18ca21969d,
5ea21df00f80cf18ca21969e,
5ea21df00f80cf18ca21969f,tt10864040
5ea21df00f80cf18ca2196a0,
5ea21df00f80cf18ca2196a1,tt10011508
5ea21df00f80cf18ca2196a2,
5ea21df00f80cf18ca2196a3,tt1895315
5ea21df00f80cf18ca2196a4,tt8228288
5ea21df00f80cf18ca2196a5,tt2983222
5ea21df00f80cf18ca2196a6,tt6436212
5ea21df00f80cf18ca2196a7,
5ea21df00f80cf18ca2196a8,tt0159362
5ea21df00f80cf18ca2196a9,
5ea21df00f80cf18ca2196aa,tt0159361
5ea21df00f80cf18ca2196ab,tt0099272
5ea21df00f80cf18ca2196ac,tt0097067
5ea21df00f80cf18ca2196ad,tt7785420
5ea21df00f80cf18ca2196ae,tt6155194
5ea21df00f80cf18ca2196af,
5ea21df00f80cf18ca2196b0,
5ea21df00f80cf18ca2196b1,tt8686460
5ea21df00f80cf18ca2196b2,tt10845262
5ea21df00f80cf18ca2196b3,tt10254986
5ea21df00f80cf18ca2196b4,
5ea21df00f80cf18ca2196b5,tt9358200
5ea21df00f80cf18ca2196b6,tt7324726
5ea21df00f80cf18ca2196b7,
5ea21df00f80cf18ca2196b8,
5ea21df00f80cf18ca2196b9,tt8889472
5ea21df00f80cf18ca2196ba,tt0456149
5ea21df00f80cf18ca2196bb,tt1403047
5ea21df00f80cf18ca2196bc,
5ea21df00f80cf18ca2196bd,
5ea21df00f80cf18ca2196be,
5ea21df00f80cf18ca2196bf,tt11262978
5ea21df00f80cf18ca2196c0,tt3022526
5ea21df00f80cf18ca2196c1,tt8413624
5ea21df00f80cf18ca2196c2,tt5246902
5ea21df00f80cf18ca2196c3,tt2336014
5ea21df00f80cf18ca2196c4,tt0087544
5ea21df00f80cf18ca2196c5,tt0206013
5ea21df00f80cf18ca2196c6,
5ea21df00f80cf18ca2196c7,
5ea21df00f80cf18ca2196c8,tt8693266
5ea21df00f80cf18ca2196c9,
5ea21df00f80cf18ca2196ca,
5ea21df00f80cf18ca2196cb,tt8130904
5ea21df00f80cf18ca2196cc,tt8076222
5ea21df00f80cf18ca2196cd,tt3613648
5ea21df00f80cf18ca2196ce,
5ea21df00f80cf18ca2196cf,tt10896172
5ea21df00f80cf18ca2196d0,
5ea21df00f80cf18ca2196d1,tt5514296
5ea21df00f80cf18ca2196d2,tt10039468
5ea21df00f80cf18ca2196d3,
5ea21df00f80cf18ca2196d4,tt10397734
5ea21df00f80cf18ca2196d5,tt2290828
5ea21df00f80cf18ca2196d6,tt6423362
5ea21df00f80cf18ca2196d7,
5ea21df00f80cf18ca2196d8,
5ea21df00f80cf18ca2196d9,tt7629780
5ea21df00f80cf18ca2196da,
5ea21df00f80cf18ca2196db,tt10613550
5ea21df00f80cf18ca2196dc,
5ea21df00f80cf18ca2196dd,
5ea21df00f80cf18ca2196de,
5ea21df00f80cf18ca2196df,
5ea21df00f80cf18ca2196e0,tt7862002
5ea21df00f80cf18ca2196e1,tt6259380
5ea21df00f80cf18ca2196e2,
5ea21df00f80cf18ca2196e3,tt8783532
5ea21df00f80cf18ca2196e4,tt2233979
5ea21df00f80cf18ca2196e5,tt6533240
5ea21df00f80cf18ca2196e6,tt3920820
5ea21df00f80cf18ca2196e7,tt6328116
5ea21df00f80cf18ca2196e8,tt9364848
5ea21df00f80cf18ca2196e9,
5ea21df00f80cf18ca2196ea,tt5133742
5ea21df00f80cf18ca2196eb,
5ea21df00f80cf18ca2196ec,tt6271042
5ea21df00f80cf18ca2196ed,
5ea21df00f80cf18ca2196ee,
5ea21df00f80cf18ca2196ef,tt8147076
5ea21df00f80cf18ca2196f0,
5ea21df00f80cf18ca2196f1,tt4939950
5ea21df00f80cf18ca2196f2,tt1982076
5ea21df00f80cf18ca2196f3,tt5257656
5ea21df00f80cf18ca2196f4,tt8638750
5ea21df00f80cf18ca2196f5,
5ea21df00f80cf18ca2196f6,tt9135260
5ea21df00f80cf18ca2196f7,tt6684884
5ea21df00f80cf18ca2196f8,tt8857590
5ea21df00f80cf18ca2196f9,
5ea21df00f80cf18ca2196fa,
5ea21df00f80cf18ca2196fb,tt0301231
5ea21df00f80cf18ca2196fc,
5ea21df00f80cf18ca2196fd,tt0415908
5ea21df00f80cf18ca2196fe,tt3802576
5ea21df00f80cf18ca2196ff,tt4939436
5ea21df00f80cf18ca219700,tt0107060
5ea21df00f80cf18ca219701,tt1185420
5ea21df00f80cf18ca219702,tt0164550
5ea21df00f80cf18ca219703,tt0098999
5ea21df00f80cf18ca219704,tt0239682
5ea21df00f80cf18ca219705,tt3398268
5ea21df00f80cf18ca219706,tt0113824
5ea21df00f80cf18ca219707,tt0110008
5ea21df00f80cf18ca219708,tt0347149
5ea21df00f80cf18ca219709,tt1798188
5ea21df00f80cf18ca21970a,
5ea21df00f80cf18ca21970b,tt7624840
5ea21df00f80cf18ca21970c,
5ea21df00f80cf18ca21970d,
5ea21df00f80cf18ca21970e,
5ea21df00f80cf18ca21970f,
5ea21df00f80cf18ca219710,tt7329656
5ea21df00f80cf18ca219711,
5ea21df00f80cf18ca219712,tt8648640
5ea21df00f80cf18ca219713,
5ea21df00f80cf18ca219714,tt10864040
5ea21df00f80cf18ca219715,
5ea21df00f80cf18ca219716,tt10011508
5ea21df00f80cf18ca219717,tt11316824
5ea21df00f80cf18ca219718,
5ea21df00f80cf18ca219719,tt8228288
5ea21df00f80cf18ca21971a,tt2983222
5ea21df00f80cf18ca21971b,tt6436212
5ea21df00f80cf18ca21971c,tt7785420
5ea21df00f80cf18ca21971d,tt8233874
5ea21df00f80cf18ca21971e,tt9176260
5ea21df00f80cf18ca21971f,tt8816992
5ea21df00f80cf18ca219720,tt8686460
5ea21df00f80cf18ca219721,tt10845262
5ea21df00f80cf18ca219722,tt6378942
5ea21df00f80cf18ca219723,tt5813910
5ea21df00f80cf18ca219724,tt10254986
5ea21df00f80cf18ca219725,
5ea21df00f80cf18ca219726,
5ea21df00f80cf18ca219727,tt7324726
5ea21df00f80cf18ca219728,
5ea21df00f80cf18ca219729,
5ea21df00f80cf18ca21972a,tt4356480
5ea21df00f80cf18ca21972b,tt8889472
5ea21df00f80cf18ca21972c,
5ea21df00f80cf18ca21972d,tt0456149
5ea21df00f80cf18ca21972e,tt1403047
5ea21df00f80cf18ca21972f,
5ea21df00f80cf18ca219730,tt8737124
5ea21df00f80cf18ca219731,
5ea21df00f80cf18ca219732,tt10108544
5ea21df00f80cf18ca219733,
5ea21df00f80cf18ca219734,
5ea21df00f80cf18ca219735,tt5514296
5ea21df00f80cf18ca219736,tt10039468
5ea21df00f80cf18ca219737,
5ea21df00f80cf18ca219738,tt10397734
5ea21df00f80cf18ca219739,
5ea21df00f80cf18ca21973a,
5ea21df00f80cf18ca21973b,tt1668053
5ea21df00f80cf18ca21973c,tt4199898
5ea21df00f80cf18ca21973d,tt10984818
5ea21df00f80cf18ca21973e,
5ea21df00f80cf18ca21973f,
5ea21df00f80cf18ca219740,
5ea21df00f80cf18ca219741,tt1020956
5ea21df00f80cf18ca219742,tt7629780
5ea21df00f80cf18ca219743,
5ea21df00f80cf18ca219744,tt2364114
5ea21df00f80cf18ca219745,
5ea21df00f80cf18ca219746,
5ea21df00f80cf18ca219747,tt1272034
5ea21df00f80cf18ca219748,tt6449770
5ea21df00f80cf18ca219749,
5ea21df00f80cf18ca21974a,tt6259380
5ea21df00f80cf18ca21974b,tt8783532
5ea21df00f80cf18ca21974c,tt6328116
5ea21df00f80cf18ca21974d,tt9364848
5ea21df00f80cf18ca21974e,tt8857590
5ea21df00f80cf18ca21974f,
5ea21df00f80cf18ca219750,
5ea21df00f80cf18ca219751,
5ea21df00f80cf18ca219752,tt0301231
5ea21df00f80cf18ca219753,
5ea21df00f80cf18ca219754,tt0415908
5ea21df00f80cf18ca219755,tt3802576
5ea21df00f80cf18ca219756,tt4939436
5ea21df00f80cf18ca219757,tt0107060
5ea21df00f80cf18ca219758,tt1185420
5ea21df00f80cf18ca219759,tt0164550
5ea21df00f80cf18ca21975a,tt0098999
5ea21df00f80cf18ca21975b,tt0239682
5ea21df00f80cf18ca21975c,tt3398268
5ea21df00f80cf18ca21975d,tt0113824
5ea21df00f80cf18ca21975e,tt0110008
5ea21df00f80cf18ca21975f,tt0347149
5ea21df00f80cf18ca219760,tt1798188
5ea21df00f80cf18ca219761,tt7048622
5ea21df00f80cf18ca219762,
5ea21df00f80cf18ca219763,tt7624840
5ea21df00f80cf18ca219764,
5ea21df00f80cf18ca219765,
5ea21df00f80cf18ca219766,
5ea21df00f80cf18ca219767,tt10864040
5ea21df00f80cf18ca219768,
5ea21df00f80cf18ca219769,tt10011508
5ea21df00f80cf18ca21976a,
5ea21df00f80cf18ca21976b,tt11316824
5ea21df00f80cf18ca21976c,
5ea21df00f80cf18ca21976d,tt7543538
5ea21df00f80cf18ca21976e,tt8228288
5ea21df00f80cf18ca21976f,tt2983222
5ea21df00f80cf18ca219770,tt6436212
5ea21df00f80cf18ca219771,tt7785420
5ea21df00f80cf18ca219772,
5ea21df00f80cf18ca219773,
5ea21df00f80cf18ca219774,
5ea21df00f80cf18ca219775,
5ea21df00f80cf18ca219776,tt8686460
5ea21df00f80cf18ca219777,tt10845262
5ea21df00f80cf18ca219778,tt5813910
5ea21df00f80cf18ca219779,tt10254986
5ea21df00f80cf18ca21977a,
5ea21df00f80cf18ca21977b,tt9358200
5ea21df00f80cf18ca21977c,tt7324726
5ea21df00f80cf18ca21977d,
5ea21df00f80cf18ca21977e,
5ea21df00f80cf18ca21977f,tt8889472
5ea21df00f80cf18ca219780,
5ea21df00f80cf18ca219781,tt0456149
5ea21df00f80cf18ca219782,tt1403047
5ea21df00f80cf18ca219783,
5ea21df00f80cf18ca219784,
5ea21df00f80cf18ca219785,
5ea21df00f80cf18ca219786,tt6301712
5ea21df00f80cf18ca219787,tt11262978
5ea21df00f80cf18ca219788,tt2336014
5ea21df00f80cf18ca219789,tt0087544
5ea21df00f80cf18ca21978a,tt0206013
5ea21df00f80cf18ca21978b,
5ea21df00f80cf18ca21978c,
5ea21df00f80cf18ca21978d,
5ea21df00f80cf18ca21978e,tt8693266
5ea21df00f80cf18ca21978f,
5ea21df00f80cf18ca219790,
5ea21df00f80cf18ca219791,tt8130904
5ea21df00f80cf18ca219792,tt9204958
5ea21df00f80cf18ca219793,tt8076222
5ea21df00f80cf18ca219794,
5ea21df00f80cf18ca219795,tt10896172
5ea21df00f80cf18ca219796,
5ea21df00f80cf18ca219797,
5ea21df00f80cf18ca219798,
5ea21df00f80cf18ca219799,tt5514296
5ea21df00f80cf18ca21979a,tt10039468
5ea21df00f80cf18ca21979b,
5ea21df00f80cf18ca21979c,tt7605396
5ea21df00f80cf18ca21979d,
5ea21df00f80cf18ca21979e,tt1206885
5ea21df00f80cf18ca21979f,
5ea21df00f80cf18ca2197a0,tt7629780
5ea21df00f80cf18ca2197a1,
5ea21df00f80cf18ca2197a2,
5ea21df00f80cf18ca2197a3,tt9625664
5ea21df00f80cf18ca2197a4,tt6259380
5ea21df00f80cf18ca2197a5,tt6328116
5ea21df00f80cf18ca2197a6,tt9364848
5ea21df00f80cf18ca2197a7,tt8857590
5ea21df00f80cf18ca2197a8,
5ea21df00f80cf18ca2197a9,
5ea21df00f80cf18ca2197aa,tt0301231
5ea21df00f80cf18ca2197ab,
5ea21df00f80cf18ca2197ac,tt0415908
5ea21df00f80cf18ca2197ad,tt3802576
5ea21df00f80cf18ca2197ae,tt4939436
5ea21df00f80cf18ca2197af,tt0107060
5ea21df00f80cf18ca2197b0,tt1185420
5ea21df00f80cf18ca2197b1,tt0164550
5ea21df00f80cf18ca2197b2,tt0098999
5ea21df00f80cf18ca2197b3,tt0239682
5ea21df00f80cf18ca2197b4,tt5607096
5ea21df00f80cf18ca2197b5,tt3398268
5ea21df00f80cf18ca2197b6,tt0113824
5ea21df00f80cf18ca2197b7,tt0110008
5ea21df00f80cf18ca2197b8,tt0347149
5ea21df00f80cf18ca2197b9,tt1798188
5ea21df00f80cf18ca2197ba,
5ea21df00f80cf18ca2197bb,tt7624840
5ea21df00f80cf18ca2197bc,
5ea21df00f80cf18ca2197bd,
5ea21df00f80cf18ca2197be,
5ea21df00f80cf18ca2197bf,tt10864040
5ea21df00f80cf18ca2197c0,
5ea21df00f80cf18ca2197c1,tt10011508
5ea21df00f80cf18ca2197c2,tt11316824
5ea21df00f80cf18ca2197c3,
5ea21df00f80cf18ca2197c4,tt8228288
5ea21df00f80cf18ca2197c5,tt2983222
5ea21df00f80cf18ca2197c6,tt6189022
5ea21df00f80cf18ca2197c7,tt8620646
5ea21df00f80cf18ca2197c8,tt6436212
5ea21df00f80cf18ca2197c9,
5ea21df00f80cf18ca2197ca,tt0159362
5ea21df00f80cf18ca2197cb,
5ea21df00f80cf18ca2197cc,tt0159361
5ea21df00f80cf18ca2197cd,tt0099272
5ea21df00f80cf18ca2197ce,tt0097067
5ea21df00f80cf18ca2197cf,tt8186318
5ea21df00f80cf18ca2197d0,
5ea21df00f80cf18ca2197d1,tt10845262
5ea21df00f80cf18ca2197d2,tt7131622
5ea21df00f80cf18ca2197d3,tt5813910
5ea21df00f80cf18ca2197d4,tt10254986
5ea21df00f80cf18ca2197d5,
5ea21df00f80cf18ca2197d6,tt9358200
5ea21df00f80cf18ca2197d7,
5ea21df00f80cf18ca2197d8,
5ea21df00f80cf18ca2197d9,
5ea21df00f80cf18ca2197da,
5ea21df00f80cf18ca2197db,tt11262978
5ea21df00f80cf18ca2197dc,tt0839829
5ea21df00f80cf18ca2197dd,tt8413624
5ea21df00f80cf18ca2197de,tt5246902
5ea21df00f80cf18ca2197df,tt0087544
5ea21df00f80cf18ca2197e0,tt0206013
5ea21df00f80cf18ca2197e1,
5ea21df00f80cf18ca2197e2,
5ea21df00f80cf18ca2197e3,
5ea21df00f80cf18ca2197e4,tt8693266
5ea21df00f80cf18ca2197e5,tt6865690
5ea21df00f80cf18ca2197e6,tt6095472
5ea21df00f80cf18ca2197e7,
5ea21df00f80cf18ca2197e8,tt8809652
5ea21df00f80cf18ca2197e9,
5ea21df00f80cf18ca2197ea,tt8130904
5ea21df00f80cf18ca2197eb,tt8076222
5ea21df00f80cf18ca2197ec,
5ea21df00f80cf18ca2197ed,tt10896172
5ea21df00f80cf18ca2197ee,
5ea21df00f80cf18ca2197ef,tt10127562
5ea21df00f80cf18ca2197f0,
5ea21df00f80cf18ca2197f1,tt7786346
5ea21df00f80cf18ca2197f2,tt5000984
5ea21df00f80cf18ca2197f3,tt5932728
5ea21df00f80cf18ca2197f4,tt10367818
5ea21df00f80cf18ca2197f5,tt10643938
5ea21df00f80cf18ca2197f6,
5ea21df00f80cf18ca2197f7,
5ea21df00f80cf18ca2197f8,
5ea21df00f80cf18ca2197f9,tt8630282
5ea21df00f80cf18ca2197fa,
5ea21df00f80cf18ca2197fb,
5ea21df00f80cf18ca2197fc,
5ea21df00f80cf18ca2197fd,tt5514296
5ea21df00f80cf18ca2197fe,tt10039468
5ea21df00f80cf18ca2197ff,
5ea21df00f80cf18ca219800,tt10397734
5ea21df00f80cf18ca219801,
5ea21df00f80cf18ca219802,
5ea21df00f80cf18ca219803,tt1668053
5ea21df00f80cf18ca219804,tt1795681
5ea21df00f80cf18ca219805,
5ea21df00f80cf18ca219806,
5ea21df00f80cf18ca219807,
5ea21df00f80cf18ca219808,tt1020956
5ea21df00f80cf18ca219809,tt7629780
5ea21df00f80cf18ca21980a,
5ea21df00f80cf18ca21980b,tt2364114
5ea21df00f80cf18ca21980c,
5ea21df00f80cf18ca21980d,
5ea21df00f80cf18ca21980e,tt1272034
5ea21df00f80cf18ca21980f,tt6449770
5ea21df00f80cf18ca219810,tt10613550
5ea21df00f80cf18ca219811,
5ea21df00f80cf18ca219812,tt6259380
5ea21df00f80cf18ca219813,tt8783532
5ea21df00f80cf18ca219814,tt6328116
5ea21df00f80cf18ca219815,tt9364848
5ea21df00f80cf18ca219816,tt8857590
5ea21df00f80cf18ca219817,
5ea21df00f80cf18ca219818,
5ea21df00f80cf18ca219819,
5ea21df00f80cf18ca21981a,tt0301231
5ea21df00f80cf18ca21981b,
5ea21df00f80cf18ca21981c,tt0415908
5ea21df00f80cf18ca21981d,tt3802576
5ea21df00f80cf18ca21981e,tt4939436
5ea21df00f80cf18ca21981f,tt0107060
5ea21df00f80cf18ca219820,tt1185420
5ea21df00f80cf18ca219821,tt0164550
5ea21df00f80cf18ca219822,tt0098999
5ea21df00f80cf18ca219823,tt0239682
5ea21df00f80cf18ca219824,tt3398268
5ea21df00f80cf18ca219825,tt0113824
5ea21df00f80cf18ca219826,tt0110008
5ea21df00f80cf18ca219827,tt0347149
5ea21df00f80cf18ca219828,tt1798188
5ea21df00f80cf18ca219829,
5ea21df00f80cf18ca21982a,tt7624840
5ea21df00f80cf18ca21982b,
5ea21df00f80cf18ca21982c,
5ea21df00f80cf18ca21982d,
5ea21df00f80cf18ca21982e,tt10864040
5ea21df00f80cf18ca21982f,
5ea21df00f80cf18ca219830,tt10011508
5ea21df00f80cf18ca219831,tt11316824
5ea21df00f80cf18ca219832,
5ea21df00f80cf18ca219833,tt8350360
5ea21df00f80cf18ca219834,tt8228288
5ea21df00f80cf18ca219835,tt2983222
5ea21df00f80cf18ca219836,tt6436212
5ea21df00f80cf18ca219837,tt7785420
5ea21df00f80cf18ca219838,
5ea21df00f80cf18ca219839,tt8686460
5ea21df00f80cf18ca21983a,tt10845262
5ea21df00f80cf18ca21983b,tt5813910
5ea21df00f80cf18ca21983c,tt10254986
5ea21df00f80cf18ca21983d,
5ea21df00f80cf18ca21983e,tt9358200
5ea21df00f80cf18ca21983f,tt7324726
5ea21df00f80cf18ca219840,
5ea21df00f80cf18ca219841,
5ea21df00f80cf18ca219842,tt8889472
5ea21df00f80cf18ca219843,tt0456149
5ea21df00f80cf18ca219844,tt1403047
5ea21df00f80cf18ca219845,
5ea21df00f80cf18ca219846,
5ea21df00f80cf18ca219847,tt11262978
5ea21df00f80cf18ca219848,tt5246902
5ea21df00f80cf18ca219849,tt9015306
5ea21df00f80cf18ca21984a,tt2336014
5ea21df00f80cf18ca21984b,tt0087544
5ea21df00f80cf18ca21984c,tt0206013
5ea21df00f80cf18ca21984d,
5ea21df00f80cf18ca21984e,
5ea21df00f80cf18ca21984f,tt8693266
5ea21df00f80cf18ca219850,tt3741700
5ea21df00f80cf18ca219851,
5ea21df00f80cf18ca219852,
5ea21df00f80cf18ca219853,tt8076222
5ea21df00f80cf18ca219854,tt10896172
5ea21df00f80cf18ca219855,
5ea21df00f80cf18ca219856,tt10127562
5ea21df00f80cf18ca219857,
5ea21df00f80cf18ca219858,tt7786346
5ea21df00f80cf18ca219859,tt5000984
5ea21df00f80cf18ca21985a,tt10367818
5ea21df00f80cf18ca21985b,tt10643938
5ea21df00f80cf18ca21985c,
5ea21df00f80cf18ca21985d,tt5884052
5ea21df00f80cf18ca21985e,
5ea21df00f80cf18ca21985f,tt8630282
5ea21df00f80cf18ca219860,
5ea21df00f80cf18ca219861,tt10039468
5ea21df00f80cf18ca219862,
5ea21df00f80cf18ca219863,tt10397734
5ea21df00f80cf18ca219864,
5ea21df00f80cf18ca219865,tt6040674
5ea21df00f80cf18ca219866,tt10984818
5ea21df00f80cf18ca219867,tt5903926
5ea21df00f80cf18ca219868,tt0106941
5ea21df00f80cf18ca219869,
5ea21df00f80cf18ca21986a,tt7629780
5ea21df00f80cf18ca21986b,
5ea21df00f80cf18ca21986c,tt10613550
5ea21df00f80cf18ca21986d,
5ea21df00f80cf18ca21986e,
5ea21df00f80cf18ca21986f,
5ea21df00f80cf18ca219870,
5ea21df00f80cf18ca219871,
5ea21df00f80cf18ca219872,tt10260638
5ea21df00f80cf18ca219873,tt6259380
5ea21df00f80cf18ca219874,tt8783532
5ea21df00f80cf18ca219875,tt6328116
5ea21df00f80cf18ca219876,tt9364848
5ea21df00f80cf18ca219877,tt7612748
5ea21df00f80cf18ca219878,tt3517870
5ea21df00f80cf18ca219879,tt9135260
5ea21df00f80cf18ca21987a,tt8857590
5ea21df00f80cf18ca21987b,
5ea21df00f80cf18ca21987c,tt0096054
5ea21df00f80cf18ca21987d,tt0119905
5ea21df00f80cf18ca21987e,tt5672286
5ea21df00f80cf18ca21987f,tt8801584
5ea21df00f80cf18ca219880,
5ea21df00f80cf18ca219881,tt0301231
5ea21df00f80cf18ca219882,
5ea21df00f80cf18ca219883,tt0415908
5ea21df00f80cf18ca219884,tt3802576
5ea21df00f80cf18ca219885,tt4939436
5ea21df00f80cf18ca219886,tt0107060
5ea21df00f80cf18ca219887,tt1185420
5ea21df00f80cf18ca219888,tt0164550
5ea21df00f80cf18ca219889,tt0098999
5ea21df00f80cf18ca21988a,tt0239682
5ea21df00f80cf18ca21988b,
5ea21df00f80cf18ca21988c,tt7624840
5ea21df00f80cf18ca21988d,
5ea21df00f80cf18ca21988e,
5ea21df00f80cf18ca21988f,
5ea21df00f80cf18ca219890,
5ea21df00f80cf18ca219891,
5ea21df00f80cf18ca219892,tt5266668
5ea21df00f80cf18ca219893,
5ea21df00f80cf18ca219894,tt10864040
5ea21df00f80cf18ca219895,
5ea21df00f80cf18ca219896,tt10011508
5ea21df00f80cf18ca219897,tt10253466
5ea21df00f80cf18ca219898,tt11316824
5ea21df00f80cf18ca219899,
5ea21df00f80cf18ca21989a,tt6613958
5ea21df00f80cf18ca21989b,tt8228288
5ea21df00f80cf18ca21989c,tt6189022
5ea21df00f80cf18ca21989d,tt6436212
5ea21df00f80cf18ca21989e,tt7428820
5ea21df00f80cf18ca21989f,
5ea21df00f80cf18ca2198a0,tt7785420
5ea21df00f80cf18ca2198a1,
5ea21df00f80cf18ca2198a2,
5ea21df00f80cf18ca2198a3,
5ea21df00f80cf18ca2198a4,
5ea21df00f80cf18ca2198a5,tt9176260
5ea21df00f80cf18ca2198a6,tt9465600
5ea21df00f80cf18ca2198a7,tt8816992
5ea21df00f80cf18ca2198a8,tt8686460
5ea21df00f80cf18ca2198a9,tt10845262
5ea21df00f80cf18ca2198aa,tt6378942
5ea21df00f80cf18ca2198ab,tt10254986
5ea21df00f80cf18ca2198ac,
5ea21df00f80cf18ca2198ad,
5ea21df00f80cf18ca2198ae,tt9358200
5ea21df00f80cf18ca2198af,tt7324726
5ea21df00f80cf18ca2198b0,
5ea21df00f80cf18ca2198b1,
5ea21df00f80cf18ca2198b2,tt8781414
5ea21df00f80cf18ca2198b3,tt8889472
5ea21df00f80cf18ca2198b4,
5ea21df00f80cf18ca2198b5,tt0456149
5ea21df00f80cf18ca2198b6,tt1403047
5ea21df00f80cf18ca2198b7,
5ea21df00f80cf18ca2198b8,tt8737124
5ea21df00f80cf18ca2198b9,
5ea21df00f80cf18ca2198ba,tt10108544
5ea21df00f80cf18ca2198bb,
5ea21df00f80cf18ca2198bc,tt11262978
5ea21df00f80cf18ca2198bd,tt5013782
5ea21df00f80cf18ca2198be,tt8413624
5ea21df00f80cf18ca2198bf,tt9015306
5ea21df00f80cf18ca2198c0,tt2336014
5ea21df00f80cf18ca2198c1,
5ea21df00f80cf18ca2198c2,
5ea21df00f80cf18ca2198c3,tt0070917
5ea21df00f80cf18ca2198c4,
5ea21df00f80cf18ca2198c5,tt5514296
5ea21df00f80cf18ca2198c6,tt10039468
5ea21df00f80cf18ca2198c7,
5ea21df00f80cf18ca2198c8,tt10397734
5ea21df00f80cf18ca2198c9,
5ea21df00f80cf18ca2198ca,
5ea21df00f80cf18ca2198cb,tt7629780
5ea21df00f80cf18ca2198cc,
5ea21df00f80cf18ca2198cd,tt6259380
5ea21df00f80cf18ca2198ce,tt8783532
5ea21df00f80cf18ca2198cf,tt6328116
5ea21df00f80cf18ca2198d0,tt9364848
5ea21df00f80cf18ca2198d1,tt8857590
5ea21df00f80cf18ca2198d2,
5ea21df00f80cf18ca2198d3,
5ea21df00f80cf18ca2198d4,tt0301231
5ea21df00f80cf18ca2198d5,
5ea21df00f80cf18ca2198d6,tt0415908
5ea21df00f80cf18ca2198d7,tt3802576
5ea21df00f80cf18ca2198d8,tt4939436
5ea21df00f80cf18ca2198d9,tt0107060
5ea21df00f80cf18ca2198da,tt1185420
5ea21df00f80cf18ca2198db,tt0164550
5ea21df00f80cf18ca2198dc,tt0098999
5ea21df00f80cf18ca2198dd,tt0239682
5ea21df00f80cf18ca2198de,tt7074886
5ea21df00f80cf18ca2198df,tt3398268
5ea21df00f80cf18ca2198e0,tt0113824
5ea21df00f80cf18ca2198e1,tt0110008
5ea21df00f80cf18ca2198e2,tt0347149
5ea21df00f80cf18ca2198e3,tt1798188
5ea21df00f80cf18ca2198e4,
5ea21df00f80cf18ca2198e5,tt7624840
5ea21df00f80cf18ca2198e6,
5ea21df00f80cf18ca2198e7,
5ea21df00f80cf18ca2198e8,
5ea21df00f80cf18ca2198e9,
5ea21df00f80cf18ca2198ea,
5ea21df00f80cf18ca2198eb,
5ea21df00f80cf18ca2198ec,tt10864040
5ea21df00f80cf18ca2198ed,
5ea21df00f80cf18ca2198ee,tt10011508
5ea21df00f80cf18ca2198ef,tt11316824
5ea21df00f80cf18ca2198f0,
5ea21df00f80cf18ca2198f1,tt8228288
5ea21df00f80cf18ca2198f2,tt2983222
5ea21df00f80cf18ca2198f3,tt6436212
5ea21df00f80cf18ca2198f4,tt7785420
5ea21df00f80cf18ca2198f5,
5ea21df00f80cf18ca2198f6,tt9176260
5ea21df00f80cf18ca2198f7,tt8686460
5ea21df00f80cf18ca2198f8,tt10845262
5ea21df00f80cf18ca2198f9,tt5813910
5ea21df00f80cf18ca2198fa,tt10254986
5ea21df00f80cf18ca2198fb,
5ea21df00f80cf18ca2198fc,tt9358200
5ea21df00f80cf18ca2198fd,tt7324726
5ea21df00f80cf18ca2198fe,
5ea21df00f80cf18ca2198ff,
5ea21df00f80cf18ca219900,tt8889472
5ea21df00f80cf18ca219901,tt0456149
5ea21df00f80cf18ca219902,tt1403047
5ea21df00f80cf18ca219903,
5ea21df00f80cf18ca219904,
5ea21df00f80cf18ca219905,tt11262978
5ea21df00f80cf18ca219906,tt9015306
5ea21df00f80cf18ca219907,tt2336014
5ea21df00f80cf18ca219908,tt0087544
5ea21df00f80cf18ca219909,tt0206013
5ea21df00f80cf18ca21990a,
5ea21df00f80cf18ca21990b,
5ea21df00f80cf18ca21990c,
5ea21df00f80cf18ca21990d,tt8693266
5ea21df00f80cf18ca21990e,
5ea21df00f80cf18ca21990f,
5ea21df00f80cf18ca219910,tt8130904
5ea21df00f80cf18ca219911,tt8076222
5ea21df00f80cf18ca219912,
5ea21df00f80cf18ca219913,tt10896172
5ea21df00f80cf18ca219914,
5ea21df00f80cf18ca219915,tt10127562
5ea21df00f80cf18ca219916,tt6933454
5ea21df00f80cf18ca219917,
5ea21df00f80cf18ca219918,tt7786346
5ea21df00f80cf18ca219919,tt5000984
5ea21df00f80cf18ca21991a,tt10367818
5ea21df00f80cf18ca21991b,tt10643938
5ea21df00f80cf18ca21991c,
5ea21df00f80cf18ca21991d,tt9448362
5ea21df00f80cf18ca21991e,
5ea21df00f80cf18ca21991f,tt8630282
5ea21df00f80cf18ca219920,tt5691024
5ea21df00f80cf18ca219921,
5ea21df00f80cf18ca219922,tt10468636
5ea21df00f80cf18ca219923,
5ea21df00f80cf18ca219924,tt10826102
5ea21df00f80cf18ca219925,tt0104652
5ea21df00f80cf18ca219926,tt0102587
5ea21df00f80cf18ca219927,tt0108432
5ea21df00f80cf18ca219928,
5ea21df00f80cf18ca219929,tt5514296
5ea21df00f80cf18ca21992a,tt10039468
5ea21df00f80cf18ca21992b,
5ea21df00f80cf18ca21992c,tt10397734
5ea21df00f80cf18ca21992d,
5ea21df00f80cf18ca21992e,
5ea21df00f80cf18ca21992f,tt1668053
5ea21df00f80cf18ca219930,tt1795681
5ea21df00f80cf18ca219931,tt1461045
5ea21df00f80cf18ca219932,
5ea21df00f80cf18ca219933,
5ea21df00f80cf18ca219934,
5ea21df00f80cf18ca219935,
5ea21df00f80cf18ca219936,tt1020956
5ea21df00f80cf18ca219937,tt7629780
5ea21df00f80cf18ca219938,
5ea21df00f80cf18ca219939,tt2364114
5ea21df00f80cf18ca21993a,
5ea21df00f80cf18ca21993b,
5ea21df00f80cf18ca21993c,tt1272034
5ea21df00f80cf18ca21993d,tt6449770
5ea21df00f80cf18ca21993e,
5ea21df00f80cf18ca21993f,tt8783532
5ea21df00f80cf18ca219940,tt6328116
5ea21df00f80cf18ca219941,tt9364848
5ea21df00f80cf18ca219942,tt12015184
5ea21df00f80cf18ca219943,tt8718142
5ea21df00f80cf18ca219944,tt6609412
5ea21df00f80cf18ca219945,tt6215712
5ea21df00f80cf18ca219946,tt9020768
5ea21df00f80cf18ca219947,tt6950594
5ea21df00f80cf18ca219948,tt8857590
5ea21df00f80cf18ca219949,
5ea21df00f80cf18ca21994a,
5ea21df00f80cf18ca21994b,tt0301231
5ea21df00f80cf18ca21994c,
5ea21df00f80cf18ca21994d,tt0415908
5ea21df00f80cf18ca21994e,tt3802576
5ea21df00f80cf18ca21994f,tt4939436
5ea21df00f80cf18ca219950,tt0107060
5ea21df00f80cf18ca219951,tt1185420
5ea21df00f80cf18ca219952,tt0164550
5ea21df00f80cf18ca219953,tt0098999
5ea21df00f80cf18ca219954,tt0239682
5ea21df00f80cf18ca219955,tt7923624
5ea21df00f80cf18ca219956,
5ea21df00f80cf18ca219957,
5ea21df00f80cf18ca219958,tt7624840
5ea21df00f80cf18ca219959,
5ea21df00f80cf18ca21995a,
5ea21df00f80cf18ca21995b,
5ea21df00f80cf18ca21995c,
5ea21df00f80cf18ca21995d,tt10864040
5ea21df00f80cf18ca21995e,
5ea21df00f80cf18ca21995f,tt10011508
5ea21df00f80cf18ca219960,tt8185584
5ea21df00f80cf18ca219961,tt2983222
5ea21df00f80cf18ca219962,
5ea21df00f80cf18ca219963,tt6436212
5ea21df00f80cf18ca219964,tt7785420
5ea21df00f80cf18ca219965,tt8816016
5ea21df00f80cf18ca219966,
5ea21df00f80cf18ca219967,tt8670784
5ea21df00f80cf18ca219968,tt7900936
5ea21df00f80cf18ca219969,
5ea21df00f80cf18ca21996a,
5ea21df00f80cf18ca21996b,tt10443766
5ea21df00f80cf18ca21996c,tt5633706
5ea21df00f80cf18ca21996d,tt8686460
5ea21df00f80cf18ca21996e,tt10845262
5ea21df00f80cf18ca21996f,tt10254986
5ea21df00f80cf18ca219970,tt9261594
5ea21df00f80cf18ca219971,
5ea21df00f80cf18ca219972,
5ea21df00f80cf18ca219973,
5ea21df00f80cf18ca219974,
5ea21df00f80cf18ca219975,tt7493810
5ea21df00f80cf18ca219976,tt9358200
5ea21df00f80cf18ca219977,tt7324726
5ea21df00f80cf18ca219978,
5ea21df00f80cf18ca219979,
5ea21df00f80cf18ca21997a,tt8889472
5ea21df00f80cf18ca21997b,tt0456149
5ea21df00f80cf18ca21997c,tt1403047
5ea21df00f80cf18ca21997d,
5ea21df00f80cf18ca21997e,
5ea21df00f80cf18ca21997f,
5ea21df00f80cf18ca219980,tt11262978
5ea21df00f80cf18ca219981,
5ea21df00f80cf18ca219982,tt2336014
5ea21df00f80cf18ca219983,
5ea21df00f80cf18ca219984,tt7754222
5ea21df00f80cf18ca219985,
5ea21df00f80cf18ca219986,tt8693266
5ea21df00f80cf18ca219987,
5ea21df00f80cf18ca219988,tt4073180
5ea21df00f80cf18ca219989,tt8076222
5ea21df00f80cf18ca21998a,tt10896172
5ea21df00f80cf18ca21998b,
5ea21df00f80cf18ca21998c,
5ea21df00f80cf18ca21998d,tt5514296
5ea21df00f80cf18ca21998e,tt10039468
5ea21df00f80cf18ca21998f,
5ea21df00f80cf18ca219990,tt10397734
5ea21df00f80cf18ca219991,
5ea21df00f80cf18ca219992,
5ea21df00f80cf18ca219993,tt1668053
5ea21df00f80cf18ca219994,tt1795681
5ea21df00f80cf18ca219995,
5ea21df00f80cf18ca219996,
5ea21df00f80cf18ca219997,
5ea21df00f80cf18ca219998,tt1020956
5ea21df00f80cf18ca219999,tt7629780
5ea21df00f80cf18ca21999a,
5ea21df00f80cf18ca21999b,tt2364114
5ea21df00f80cf18ca21999c,
5ea21df00f80cf18ca21999d,
5ea21df00f80cf18ca21999e,tt1272034
5ea21df00f80cf18ca21999f,tt6449770
5ea21df00f80cf18ca2199a0,
5ea21df00f80cf18ca2199a1,tt6259380
5ea21df00f80cf18ca2199a2,tt8783532
5ea21df00f80cf18ca2199a3,tt6328116
5ea21df00f80cf18ca2199a4,tt9364848
5ea21df00f80cf18ca2199a5,tt8857590
5ea21df00f80cf18ca2199a6,
5ea21df00f80cf18ca2199a7,
5ea21df00f80cf18ca2199a8,
5ea21df00f80cf18ca2199a9,tt0301231
5ea21df00f80cf18ca2199aa,
5ea21df00f80cf18ca2199ab,tt0415908
5ea21df00f80cf18ca2199ac,tt3802576
5ea21df00f80cf18ca2199ad,tt4939436
5ea21df00f80cf18ca2199ae,tt0107060
5ea21df00f80cf18ca2199af,tt1185420
5ea21df00f80cf18ca2199b0,tt0164550
5ea21df00f80cf18ca2199b1,tt0098999
5ea21df00f80cf18ca2199b2,tt0239682
5ea21df00f80cf18ca2199b3,tt3398268
5ea21df00f80cf18ca2199b4,tt0113824
5ea21df00f80cf18ca2199b5,tt0082329
5ea21df00f80cf18ca2199b6,tt0110008
5ea21df00f80cf18ca2199b7,tt0347149
5ea21df00f80cf18ca2199b8,tt1798188
5ea21df00f80cf18ca2199b9,
5ea21df00f80cf18ca2199ba,tt7624840
5ea21df00f80cf18ca2199bb,
5ea21df10f80cf18ca2199bc,
5ea21df10f80cf18ca2199bd,
5ea21df10f80cf18ca2199be,tt10864040
5ea21df10f80cf18ca2199bf,
5ea21df10f80cf18ca2199c0,tt10011508
5ea21df10f80cf18ca2199c1,tt11316824
5ea21df10f80cf18ca2199c2,
5ea21df10f80cf18ca2199c3,tt8228288
5ea21df10f80cf18ca2199c4,tt2983222
5ea21df10f80cf18ca2199c5,tt6436212
5ea21df10f80cf18ca2199c6,tt7785420
5ea21df10f80cf18ca2199c7,tt8155182
5ea21df10f80cf18ca2199c8,tt6155194
5ea21df10f80cf18ca2199c9,
5ea21df10f80cf18ca2199ca,tt8686460
5ea21df10f80cf18ca2199cb,tt10845262
5ea21df10f80cf18ca2199cc,tt5813910
5ea21df10f80cf18ca2199cd,tt10254986
5ea21df10f80cf18ca2199ce,
5ea21df10f80cf18ca2199cf,tt9358200
5ea21df10f80cf18ca2199d0,tt7324726
5ea21df10f80cf18ca2199d1,
5ea21df10f80cf18ca2199d2,
5ea21df10f80cf18ca2199d3,tt8889472
5ea21df10f80cf18ca2199d4,
5ea21df10f80cf18ca2199d5,tt0456149
5ea21df10f80cf18ca2199d6,tt1403047
5ea21df10f80cf18ca2199d7,
5ea21df10f80cf18ca2199d8,
5ea21df10f80cf18ca2199d9,
5ea21df10f80cf18ca2199da,tt11262978
5ea21df10f80cf18ca2199db,tt0156887
5ea21df10f80cf18ca2199dc,tt2336014
5ea21df10f80cf18ca2199dd,tt0087544
5ea21df10f80cf18ca2199de,tt0206013
5ea21df10f80cf18ca2199df,
5ea21df10f80cf18ca2199e0,
5ea21df10f80cf18ca2199e1,tt8693266
5ea21df10f80cf18ca2199e2,
5ea21df10f80cf18ca2199e3,
5ea21df10f80cf18ca2199e4,tt8076222
5ea21df10f80cf18ca2199e5,tt10896172
5ea21df10f80cf18ca2199e6,
5ea21df10f80cf18ca2199e7,tt10127562
5ea21df10f80cf18ca2199e8,tt6933454
5ea21df10f80cf18ca2199e9,
5ea21df10f80cf18ca2199ea,tt7786346
5ea21df10f80cf18ca2199eb,tt5000984
5ea21df10f80cf18ca2199ec,tt10367818
5ea21df10f80cf18ca2199ed,tt10643938
5ea21df10f80cf18ca2199ee,
5ea21df10f80cf18ca2199ef,
5ea21df10f80cf18ca2199f0,
5ea21df10f80cf18ca2199f1,tt5514296
5ea21df10f80cf18ca2199f2,tt10039468
5ea21df10f80cf18ca2199f3,
5ea21df10f80cf18ca2199f4,tt10397734
5ea21df10f80cf18ca2199f5,
5ea21df10f80cf18ca2199f6,
5ea21df10f80cf18ca2199f7,tt0074520
5ea21df10f80cf18ca2199f8,tt1668053
5ea21df10f80cf18ca2199f9,
5ea21df10f80cf18ca2199fa,
5ea21df10f80cf18ca2199fb,tt1020956
5ea21df10f80cf18ca2199fc,tt7629780
5ea21df10f80cf18ca2199fd,
5ea21df10f80cf18ca2199fe,tt2364114
5ea21df10f80cf18ca2199ff,
5ea21df10f80cf18ca219a00,
5ea21df10f80cf18ca219a01,tt1272034
5ea21df10f80cf18ca219a02,tt6449770
5ea21df10f80cf18ca219a03,
5ea21df10f80cf18ca219a04,tt6259380
5ea21df10f80cf18ca219a05,tt7063210
5ea21df10f80cf18ca219a06,tt6328116
5ea21df10f80cf18ca219a07,tt9364848
5ea21df10f80cf18ca219a08,tt8487970
5ea21df10f80cf18ca219a09,tt8857590
5ea21df10f80cf18ca219a0a,
5ea21df10f80cf18ca219a0b,
5ea21df10f80cf18ca219a0c,
5ea21df10f80cf18ca219a0d,tt0301231
5ea21df10f80cf18ca219a0e,
5ea21df10f80cf18ca219a0f,tt0415908
5ea21df10f80cf18ca219a10,tt3802576
5ea21df10f80cf18ca219a11,tt4939436
5ea21df10f80cf18ca219a12,tt0107060
5ea21df10f80cf18ca219a13,tt1185420
5ea21df10f80cf18ca219a14,tt0164550
5ea21df10f80cf18ca219a15,tt0098999
5ea21df10f80cf18ca219a16,tt0239682
5ea21df10f80cf18ca219a17,
5ea21df10f80cf18ca219a18,tt7014318
5ea21df10f80cf18ca219a19,tt3398268
5ea21df10f80cf18ca219a1a,tt0113824
5ea21df10f80cf18ca219a1b,tt0082329
5ea21df10f80cf18ca219a1c,tt0110008
5ea21df10f80cf18ca219a1d,tt0347149
5ea21df10f80cf18ca219a1e,tt1798188
5ea21df10f80cf18ca219a1f,
5ea21df10f80cf18ca219a20,tt7624840
5ea21df10f80cf18ca219a21,
5ea21df10f80cf18ca219a22,
5ea21df10f80cf18ca219a23,
5ea21df10f80cf18ca219a24,tt10864040
5ea21df10f80cf18ca219a25,
5ea21df10f80cf18ca219a26,tt10011508
5ea21df10f80cf18ca219a27,tt6892400
5ea21df10f80cf18ca219a28,
5ea21df10f80cf18ca219a29,tt8228288
5ea21df10f80cf18ca219a2a,tt2983222
5ea21df10f80cf18ca219a2b,tt6436212
5ea21df10f80cf18ca219a2c,tt7785420
5ea21df10f80cf18ca219a2d,
5ea21df10f80cf18ca219a2e,tt8686460
5ea21df10f80cf18ca219a2f,tt10845262
5ea21df10f80cf18ca219a30,tt5813910
5ea21df10f80cf18ca219a31,tt10254986
5ea21df10f80cf18ca219a32,
5ea21df10f80cf18ca219a33,tt9358200
5ea21df10f80cf18ca219a34,tt7324726
5ea21df10f80cf18ca219a35,
5ea21df10f80cf18ca219a36,
5ea21df10f80cf18ca219a37,tt4776556
5ea21df10f80cf18ca219a38,tt0078012
5ea21df10f80cf18ca219a39,tt8889472
5ea21df10f80cf18ca219a3a,tt0456149
5ea21df10f80cf18ca219a3b,tt1403047
5ea21df10f80cf18ca219a3c,
5ea21df10f80cf18ca219a3d,
5ea21df10f80cf18ca219a3e,
5ea21df10f80cf18ca219a3f,
5ea21df10f80cf18ca219a40,tt1104688
5ea21df10f80cf18ca219a41,tt11262978
5ea21df10f80cf18ca219a42,
5ea21df10f80cf18ca219a43,tt3893456
5ea21df10f80cf18ca219a44,tt2336014
5ea21df10f80cf18ca219a45,tt0087544
5ea21df10f80cf18ca219a46,tt0206013
5ea21df10f80cf18ca219a47,
5ea21df10f80cf18ca219a48,
5ea21df10f80cf18ca219a49,
5ea21df10f80cf18ca219a4a,tt8693266
5ea21df10f80cf18ca219a4b,
5ea21df10f80cf18ca219a4c,tt8333776
5ea21df10f80cf18ca219a4d,
5ea21df10f80cf18ca219a4e,tt8130904
5ea21df10f80cf18ca219a4f,tt8076222
5ea21df10f80cf18ca219a50,tt7279014
5ea21df10f80cf18ca219a51,tt3628598
5ea21df10f80cf18ca219a52,
5ea21df10f80cf18ca219a53,tt10896172
5ea21df10f80cf18ca219a54,
5ea21df10f80cf18ca219a55,tt5514296
5ea21df10f80cf18ca219a56,tt10039468
5ea21df10f80cf18ca219a57,
5ea21df10f80cf18ca219a58,tt10397734
5ea21df10f80cf18ca219a59,
5ea21df10f80cf18ca219a5a,
5ea21df10f80cf18ca219a5b,tt1668053
5ea21df10f80cf18ca219a5c,tt1795681
5ea21df10f80cf18ca219a5d,tt10984818
5ea21df10f80cf18ca219a5e,tt2393440
5ea21df10f80cf18ca219a5f,
5ea21df10f80cf18ca219a60,tt3399054
5ea21df10f80cf18ca219a61,
5ea21df10f80cf18ca219a62,
5ea21df10f80cf18ca219a63,
5ea21df10f80cf18ca219a64,tt1020956
5ea21df10f80cf18ca219a65,tt7629780
5ea21df10f80cf18ca219a66,
5ea21df10f80cf18ca219a67,tt2364114
5ea21df10f80cf18ca219a68,
5ea21df10f80cf18ca219a69,
5ea21df10f80cf18ca219a6a,tt1272034
5ea21df10f80cf18ca219a6b,tt6449770
5ea21df10f80cf18ca219a6c,
5ea21df10f80cf18ca219a6d,tt6259380
5ea21df10f80cf18ca219a6e,tt6328116
5ea21df10f80cf18ca219a6f,tt9364848
5ea21df10f80cf18ca219a70,tt8857590
5ea21df10f80cf18ca219a71,
5ea21df10f80cf18ca219a72,
5ea21df10f80cf18ca219a73,tt0963794
5ea21df10f80cf18ca219a74,
5ea21df10f80cf18ca219a75,tt0301231
5ea21df10f80cf18ca219a76,
5ea21df10f80cf18ca219a77,tt0415908
5ea21df10f80cf18ca219a78,tt3802576
5ea21df10f80cf18ca219a79,
5ea21df10f80cf18ca219a7a,tt4939436
5ea21df10f80cf18ca219a7b,tt0107060
5ea21df10f80cf18ca219a7c,tt1185420
5ea21df10f80cf18ca219a7d,tt0164550
5ea21df10f80cf18ca219a7e,tt0098999
5ea21df10f80cf18ca219a7f,tt0239682
5ea21df10f80cf18ca219a80,tt3398268
5ea21df10f80cf18ca219a81,tt0113824
5ea21df10f80cf18ca219a82,tt0110008
5ea21df10f80cf18ca219a83,tt0347149
5ea21df10f80cf18ca219a84,tt1798188
5ea21df10f80cf18ca219a85,
5ea21df10f80cf18ca219a86,tt7624840
5ea21df10f80cf18ca219a87,
5ea21df10f80cf18ca219a88,
5ea21df10f80cf18ca219a89,
5ea21df10f80cf18ca219a8a,tt10864040
5ea21df10f80cf18ca219a8b,
5ea21df10f80cf18ca219a8c,tt10011508
5ea21df10f80cf18ca219a8d,tt11316824
5ea21df10f80cf18ca219a8e,
5ea21df10f80cf18ca219a8f,tt8228288
5ea21df10f80cf18ca219a90,tt2983222
5ea21df10f80cf18ca219a91,tt6436212
5ea21df10f80cf18ca219a92,tt7785420
5ea21df10f80cf18ca219a93,
5ea21df10f80cf18ca219a94,
5ea21df10f80cf18ca219a95,tt8686460
5ea21df10f80cf18ca219a96,tt10845262
5ea21df10f80cf18ca219a97,tt5813910
5ea21df10f80cf18ca219a98,tt10254986
5ea21df10f80cf18ca219a99,
5ea21df10f80cf18ca219a9a,tt9358200
5ea21df10f80cf18ca219a9b,tt7324726
5ea21df10f80cf18ca219a9c,
5ea21df10f80cf18ca219a9d,
5ea21df10f80cf18ca219a9e,tt8889472
5ea21df10f80cf18ca219a9f,
5ea21df10f80cf18ca219aa0,tt0456149
5ea21df10f80cf18ca219aa1,tt1403047
5ea21df10f80cf18ca219aa2,
5ea21df10f80cf18ca219aa3,
5ea21df10f80cf18ca219aa4,
5ea21df10f80cf18ca219aa5,tt11262978
5ea21df10f80cf18ca219aa6,tt0156887
5ea21df10f80cf18ca219aa7,tt2336014
5ea21df10f80cf18ca219aa8,tt0087544
5ea21df10f80cf18ca219aa9,tt0206013
5ea21df10f80cf18ca219aaa,
5ea21df10f80cf18ca219aab,
5ea21df10f80cf18ca219aac,tt6127004
5ea21df10f80cf18ca219aad,tt8693266
5ea21df10f80cf18ca219aae,
5ea21df10f80cf18ca219aaf,
5ea21df10f80cf18ca219ab0,tt8076222
5ea21df10f80cf18ca219ab1,tt10896172
5ea21df10f80cf18ca219ab2,
5ea21df10f80cf18ca219ab3,
5ea21df10f80cf18ca219ab4,tt10127562
5ea21df10f80cf18ca219ab5,
5ea21df10f80cf18ca219ab6,tt7786346
5ea21df10f80cf18ca219ab7,tt5000984
5ea21df10f80cf18ca219ab8,tt7390646
5ea21df10f80cf18ca219ab9,
5ea21df10f80cf18ca219aba,tt5514296
5ea21df10f80cf18ca219abb,tt10039468
5ea21df10f80cf18ca219abc,
5ea21df10f80cf18ca219abd,tt10397734
5ea21df10f80cf18ca219abe,tt1560220
5ea21df10f80cf18ca219abf,
5ea21df10f80cf18ca219ac0,
5ea21df10f80cf18ca219ac1,tt7629780
5ea21df10f80cf18ca219ac2,
5ea21df10f80cf18ca219ac3,tt8783532
5ea21df10f80cf18ca219ac4,tt6328116
5ea21df10f80cf18ca219ac5,tt9364848
5ea21df10f80cf18ca219ac6,tt8857590
5ea21df10f80cf18ca219ac7,
5ea21df10f80cf18ca219ac8,
5ea21df10f80cf18ca219ac9,tt0301231
5ea21df10f80cf18ca219aca,
5ea21df10f80cf18ca219acb,tt0415908
5ea21df10f80cf18ca219acc,tt3802576
5ea21df10f80cf18ca219acd,tt4939436
5ea21df10f80cf18ca219ace,tt0107060
5ea21df10f80cf18ca219acf,tt1185420
5ea21df10f80cf18ca219ad0,tt0164550
5ea21df10f80cf18ca219ad1,tt0098999
5ea21df10f80cf18ca219ad2,tt0239682
5ea21df10f80cf18ca219ad3,tt3398268
5ea21df10f80cf18ca219ad4,tt0113824
5ea21df10f80cf18ca219ad5,tt0110008
5ea21df10f80cf18ca219ad6,tt0347149
5ea21df10f80cf18ca219ad7,tt1798188
5ea21df10f80cf18ca219ad8,
5ea21df10f80cf18ca219ad9,tt7624840
5ea21df10f80cf18ca219ada,
5ea21df10f80cf18ca219adb,
5ea21df10f80cf18ca219adc,
5ea21df10f80cf18ca219add,tt10864040
5ea21df10f80cf18ca219ade,
5ea21df10f80cf18ca219adf,tt10011508
5ea21df10f80cf18ca219ae0,
5ea21df10f80cf18ca219ae1,tt2983222
5ea21df10f80cf18ca219ae2,tt6436212
5ea21df10f80cf18ca219ae3,tt8186318
5ea21df10f80cf18ca219ae4,tt7785420
5ea21df10f80cf18ca219ae5,
5ea21df10f80cf18ca219ae6,tt8686460
5ea21df10f80cf18ca219ae7,tt10845262
5ea21df10f80cf18ca219ae8,tt7131622
5ea21df10f80cf18ca219ae9,tt10254986
5ea21df10f80cf18ca219aea,
5ea21df10f80cf18ca219aeb,tt9358200
5ea21df10f80cf18ca219aec,tt7324726
5ea21df10f80cf18ca219aed,
5ea21df10f80cf18ca219aee,tt8889472
5ea21df10f80cf18ca219aef,tt0456149
5ea21df10f80cf18ca219af0,tt1403047
5ea21df10f80cf18ca219af1,
5ea21df10f80cf18ca219af2,
5ea21df10f80cf18ca219af3,
5ea21df10f80cf18ca219af4,tt11262978
5ea21df10f80cf18ca219af5,tt2336014
5ea21df10f80cf18ca219af6,tt0087544
5ea21df10f80cf18ca219af7,tt0206013
5ea21df10f80cf18ca219af8,
5ea21df10f80cf18ca219af9,
5ea21df10f80cf18ca219afa,
5ea21df10f80cf18ca219afb,tt8693266
5ea21df10f80cf18ca219afc,
5ea21df10f80cf18ca219afd,
5ea21df10f80cf18ca219afe,tt8130904
5ea21df10f80cf18ca219aff,tt8076222
5ea21df10f80cf18ca219b00,
5ea21df10f80cf18ca219b01,tt10896172
5ea21df10f80cf18ca219b02,
5ea21df10f80cf18ca219b03,tt10127562
5ea21df10f80cf18ca219b04,
5ea21df10f80cf18ca219b05,tt7786346
5ea21df10f80cf18ca219b06,tt5000984
5ea21df10f80cf18ca219b07,tt10367818
5ea21df10f80cf18ca219b08,tt10643938
5ea21df10f80cf18ca219b09,
5ea21df10f80cf18ca219b0a,tt6107548
5ea21df10f80cf18ca219b0b,
5ea21df10f80cf18ca219b0c,tt8630282
5ea21df10f80cf18ca219b0d,
5ea21df10f80cf18ca219b0e,
5ea21df10f80cf18ca219b0f,tt0104652
5ea21df10f80cf18ca219b10,tt0102587
5ea21df10f80cf18ca219b11,tt0108432
5ea21df10f80cf18ca219b12,tt0495596
5ea21df10f80cf18ca219b13,
5ea21df10f80cf18ca219b14,tt0097814
5ea21df10f80cf18ca219b15,tt0092067
5ea21df10f80cf18ca219b16,
5ea21df10f80cf18ca219b17,tt6974886
5ea21df10f80cf18ca219b18,
5ea21df10f80cf18ca219b19,tt6527586
5ea21df10f80cf18ca219b1a,tt9769714
5ea21df10f80cf18ca219b1b,tt9614988
5ea21df10f80cf18ca219b1c,
5ea21df10f80cf18ca219b1d,tt5514296
5ea21df10f80cf18ca219b1e,tt10039468
5ea21df10f80cf18ca219b1f,
5ea21df10f80cf18ca219b20,tt10397734
5ea21df10f80cf18ca219b21,
5ea21df10f80cf18ca219b22,
5ea21df10f80cf18ca219b23,tt1668053
5ea21df10f80cf18ca219b24,tt1795681
5ea21df10f80cf18ca219b25,
5ea21df10f80cf18ca219b26,
5ea21df10f80cf18ca219b27,
5ea21df10f80cf18ca219b28,tt1020956
5ea21df10f80cf18ca219b29,tt7629780
5ea21df10f80cf18ca219b2a,
5ea21df10f80cf18ca219b2b,tt2364114
5ea21df10f80cf18ca219b2c,
5ea21df10f80cf18ca219b2d,
5ea21df10f80cf18ca219b2e,tt1272034
5ea21df10f80cf18ca219b2f,tt6449770
5ea21df10f80cf18ca219b30,
5ea21df10f80cf18ca219b31,tt6259380
5ea21df10f80cf18ca219b32,tt8783532
5ea21df10f80cf18ca219b33,tt6328116
5ea21df10f80cf18ca219b34,tt9364848
5ea21df10f80cf18ca219b35,tt8857590
5ea21df10f80cf18ca219b36,
5ea21df10f80cf18ca219b37,
5ea21df10f80cf18ca219b38,
5ea21df10f80cf18ca219b39,tt0301231
5ea21df10f80cf18ca219b3a,
5ea21df10f80cf18ca219b3b,tt0415908
5ea21df10f80cf18ca219b3c,tt3802576
5ea21df10f80cf18ca219b3d,tt4939436
5ea21df10f80cf18ca219b3e,tt0107060
5ea21df10f80cf18ca219b3f,tt1185420
5ea21df10f80cf18ca219b40,tt0164550
5ea21df10f80cf18ca219b41,tt0098999
5ea21df10f80cf18ca219b42,tt0239682
5ea21df10f80cf18ca219b43,tt2136759
5ea21df10f80cf18ca219b44,tt3398268
5ea21df10f80cf18ca219b45,tt0113824
5ea21df10f80cf18ca219b46,tt0082329
5ea21df10f80cf18ca219b47,tt0110008
5ea21df10f80cf18ca219b48,tt0347149
5ea21df10f80cf18ca219b49,tt1798188
5ea21df10f80cf18ca219b4a,
5ea21df10f80cf18ca219b4b,tt7624840
5ea21df10f80cf18ca219b4c,
5ea21df10f80cf18ca219b4d,
5ea21df10f80cf18ca219b4e,
5ea21df10f80cf18ca219b4f,
5ea21df10f80cf18ca219b50,
5ea21df10f80cf18ca219b51,
5ea21df10f80cf18ca219b52,tt10864040
5ea21df10f80cf18ca219b53,
5ea21df10f80cf18ca219b54,tt10011508
5ea21df10f80cf18ca219b55,tt11316824
5ea21df10f80cf18ca219b56,
5ea21df10f80cf18ca219b57,tt8228288
5ea21df10f80cf18ca219b58,tt2983222
5ea21df10f80cf18ca219b59,tt6436212
5ea21df10f80cf18ca219b5a,tt7785420
5ea21df10f80cf18ca219b5b,
5ea21df10f80cf18ca219b5c,tt9176260
5ea21df10f80cf18ca219b5d,tt8686460
5ea21df10f80cf18ca219b5e,tt10845262
5ea21df10f80cf18ca219b5f,tt5813910
5ea21df10f80cf18ca219b60,tt10254986
5ea21df10f80cf18ca219b61,
5ea21df10f80cf18ca219b62,tt9358200
5ea21df10f80cf18ca219b63,tt7324726
5ea21df10f80cf18ca219b64,
5ea21df10f80cf18ca219b65,
5ea21df10f80cf18ca219b66,tt8889472
5ea21df10f80cf18ca219b67,tt0456149
5ea21df10f80cf18ca219b68,tt1403047
5ea21df10f80cf18ca219b69,
5ea21df10f80cf18ca219b6a,
5ea21df10f80cf18ca219b6b,
5ea21df10f80cf18ca219b6c,tt11262978
5ea21df10f80cf18ca219b6d,tt5246902
5ea21df10f80cf18ca219b6e,tt2336014
5ea21df10f80cf18ca219b6f,tt0087544
5ea21df10f80cf18ca219b70,tt0206013
5ea21df10f80cf18ca219b71,
5ea21df10f80cf18ca219b72,
5ea21df10f80cf18ca219b73,
5ea21df10f80cf18ca219b74,tt8693266
5ea21df10f80cf18ca219b75,
5ea21df10f80cf18ca219b76,
5ea21df10f80cf18ca219b77,tt8130904
5ea21df10f80cf18ca219b78,tt8076222
5ea21df10f80cf18ca219b79,
5ea21df10f80cf18ca219b7a,tt10896172
5ea21df10f80cf18ca219b7b,
5ea21df10f80cf18ca219b7c,tt10127562
5ea21df10f80cf18ca219b7d,tt6933454
5ea21df10f80cf18ca219b7e,
5ea21df10f80cf18ca219b7f,tt7786346
5ea21df10f80cf18ca219b80,
5ea21df10f80cf18ca219b81,tt5514296
5ea21df10f80cf18ca219b82,tt10039468
5ea21df10f80cf18ca219b83,
5ea21df10f80cf18ca219b84,tt10397734
5ea21df10f80cf18ca219b85,
5ea21df10f80cf18ca219b86,
5ea21df10f80cf18ca219b87,tt1668053
5ea21df10f80cf18ca219b88,tt1795681
5ea21df10f80cf18ca219b89,
5ea21df10f80cf18ca219b8a,
5ea21df10f80cf18ca219b8b,
5ea21df10f80cf18ca219b8c,
5ea21df10f80cf18ca219b8d,
5ea21df10f80cf18ca219b8e,tt1020956
5ea21df10f80cf18ca219b8f,tt7629780
5ea21df10f80cf18ca219b90,
5ea21df10f80cf18ca219b91,tt2364114
5ea21df10f80cf18ca219b92,
5ea21df10f80cf18ca219b93,
5ea21df10f80cf18ca219b94,tt1272034
5ea21df10f80cf18ca219b95,tt6449770
5ea21df10f80cf18ca219b96,
5ea21df10f80cf18ca219b97,tt6259380
5ea21df10f80cf18ca219b98,tt8783532
5ea21df10f80cf18ca219b99,tt7399138
5ea21df10f80cf18ca219b9a,tt6328116
5ea21df10f80cf18ca219b9b,tt9364848
5ea21df10f80cf18ca219b9c,
5ea21df10f80cf18ca219b9d,tt8857590
5ea21df10f80cf18ca219b9e,
5ea21df10f80cf18ca219b9f,
5ea21df10f80cf18ca219ba0,
5ea21df10f80cf18ca219ba1,tt0301231
5ea21df10f80cf18ca219ba2,
5ea21df10f80cf18ca219ba3,tt0415908
5ea21df10f80cf18ca219ba4,tt3802576
5ea21df10f80cf18ca219ba5,tt4939436
5ea21df10f80cf18ca219ba6,tt0107060
5ea21df10f80cf18ca219ba7,tt1185420
5ea21df10f80cf18ca219ba8,tt0164550
5ea21df10f80cf18ca219ba9,tt0098999
5ea21df10f80cf18ca219baa,tt0239682
5ea21df10f80cf18ca219bab,tt3398268
5ea21df10f80cf18ca219bac,tt0113824
5ea21df10f80cf18ca219bad,tt0110008
5ea21df10f80cf18ca219bae,tt0347149
5ea21df10f80cf18ca219baf,tt1798188
5ea21df10f80cf18ca219bb0,
5ea21df10f80cf18ca219bb1,tt7624840
5ea21df10f80cf18ca219bb2,
5ea21df10f80cf18ca219bb3,
5ea21df10f80cf18ca219bb4,
5ea21df10f80cf18ca219bb5,
5ea21df10f80cf18ca219bb6,
5ea21df10f80cf18ca219bb7,
5ea21df10f80cf18ca219bb8,tt10864040
5ea21df10f80cf18ca219bb9,
5ea21df10f80cf18ca219bba,tt10011508
5ea21df10f80cf18ca219bbb,tt11316824
5ea21df10f80cf18ca219bbc,
5ea21df10f80cf18ca219bbd,tt8228288
5ea21df10f80cf18ca219bbe,tt2983222
5ea21df10f80cf18ca219bbf,
5ea21df10f80cf18ca219bc0,tt6436212
5ea21df10f80cf18ca219bc1,tt7785420
5ea21df10f80cf18ca219bc2,
5ea21df10f80cf18ca219bc3,tt9176260
5ea21df10f80cf18ca219bc4,
5ea21df10f80cf18ca219bc5,tt7251666
5ea21df10f80cf18ca219bc6,
5ea21df10f80cf18ca219bc7,
5ea21df10f80cf18ca219bc8,tt4240654
5ea21df10f80cf18ca219bc9,tt8777022
5ea21df10f80cf18ca219bca,
5ea21df10f80cf18ca219bcb,tt8686460
5ea21df10f80cf18ca219bcc,tt10845262
5ea21df10f80cf18ca219bcd,tt10254986
5ea21df10f80cf18ca219bce,
5ea21df10f80cf18ca219bcf,tt9358200
5ea21df10f80cf18ca219bd0,tt7324726
5ea21df10f80cf18ca219bd1,
5ea21df10f80cf18ca219bd2,
5ea21df10f80cf18ca219bd3,tt8889472
5ea21df10f80cf18ca219bd4,tt0456149
5ea21df10f80cf18ca219bd5,tt1403047
5ea21df10f80cf18ca219bd6,
5ea21df10f80cf18ca219bd7,
5ea21df10f80cf18ca219bd8,
5ea21df10f80cf18ca219bd9,tt11262978
5ea21df10f80cf18ca219bda,tt2336014
5ea21df10f80cf18ca219bdb,tt0087544
5ea21df10f80cf18ca219bdc,tt0206013
5ea21df10f80cf18ca219bdd,
5ea21df10f80cf18ca219bde,
5ea21df10f80cf18ca219bdf,
5ea21df10f80cf18ca219be0,tt8693266
5ea21df10f80cf18ca219be1,
5ea21df10f80cf18ca219be2,tt11046472
5ea21df10f80cf18ca219be3,
5ea21df10f80cf18ca219be4,
5ea21df10f80cf18ca219be5,tt5514296
5ea21df10f80cf18ca219be6,tt10039468
5ea21df10f80cf18ca219be7,
5ea21df10f80cf18ca219be8,tt10397734
5ea21df10f80cf18ca219be9,
5ea21df10f80cf18ca219bea,
5ea21df10f80cf18ca219beb,tt7629780
5ea21df10f80cf18ca219bec,
5ea21df10f80cf18ca219bed,
5ea21df10f80cf18ca219bee,tt8783532
5ea21df10f80cf18ca219bef,tt6328116
5ea21df10f80cf18ca219bf0,tt9364848
5ea21df10f80cf18ca219bf1,tt8857590
5ea21df10f80cf18ca219bf2,tt2178470
5ea21df10f80cf18ca219bf3,
5ea21df10f80cf18ca219bf4,tt2814372
5ea21df10f80cf18ca219bf5,
5ea21df10f80cf18ca219bf6,
5ea21df10f80cf18ca219bf7,tt0301231
5ea21df10f80cf18ca219bf8,
5ea21df10f80cf18ca219bf9,tt0415908
5ea21df10f80cf18ca219bfa,tt3802576
5ea21df10f80cf18ca219bfb,tt4939436
5ea21df10f80cf18ca219bfc,tt0107060
5ea21df10f80cf18ca219bfd,tt1185420
5ea21df10f80cf18ca219bfe,tt0164550
5ea21df10f80cf18ca219bff,tt0098999
5ea21df10f80cf18ca219c00,tt0239682
5ea21df10f80cf18ca219c01,tt8367184
5ea21df10f80cf18ca219c02,tt3398268
5ea21df10f80cf18ca219c03,tt0113824
5ea21df10f80cf18ca219c04,tt0110008
5ea21df10f80cf18ca219c05,tt0347149
5ea21df10f80cf18ca219c06,tt1798188
5ea21df10f80cf18ca219c07,
5ea21df10f80cf18ca219c08,tt7624840
5ea21df10f80cf18ca219c09,
5ea21df10f80cf18ca219c0a,
5ea21df10f80cf18ca219c0b,
5ea21df10f80cf18ca219c0c,
5ea21df10f80cf18ca219c0d,
5ea21df10f80cf18ca219c0e,
5ea21df10f80cf18ca219c0f,tt10864040
5ea21df10f80cf18ca219c10,
5ea21df10f80cf18ca219c11,tt10011508
5ea21df10f80cf18ca219c12,tt11316824
5ea21df10f80cf18ca219c13,
5ea21df10f80cf18ca219c14,tt8228288
5ea21df10f80cf18ca219c15,tt2983222
5ea21df10f80cf18ca219c16,tt6436212
5ea21df10f80cf18ca219c17,tt7785420
5ea21df10f80cf18ca219c18,
5ea21df10f80cf18ca219c19,tt9176260
5ea21df10f80cf18ca219c1a,tt8686460
5ea21df10f80cf18ca219c1b,tt10845262
5ea21df10f80cf18ca219c1c,tt10254986
5ea21df10f80cf18ca219c1d,
5ea21df10f80cf18ca219c1e,tt9358200
5ea21df10f80cf18ca219c1f,tt7324726
5ea21df10f80cf18ca219c20,
5ea21df10f80cf18ca219c21,
5ea21df10f80cf18ca219c22,tt8889472
5ea21df10f80cf18ca219c23,tt0456149
5ea21df10f80cf18ca219c24,tt1403047
5ea21df10f80cf18ca219c25,
5ea21df10f80cf18ca219c26,
5ea21df10f80cf18ca219c27,
5ea21df10f80cf18ca219c28,tt11262978
5ea21df10f80cf18ca219c29,tt5592796
5ea21df10f80cf18ca219c2a,tt2336014
5ea21df10f80cf18ca219c2b,tt0087544
5ea21df10f80cf18ca219c2c,tt0206013
5ea21df10f80cf18ca219c2d,
5ea21df10f80cf18ca219c2e,
5ea21df10f80cf18ca219c2f,
5ea21df10f80cf18ca219c30,tt8693266
5ea21df10f80cf18ca219c31,
5ea21df10f80cf18ca219c32,tt5321814
5ea21df10f80cf18ca219c33,
5ea21df10f80cf18ca219c34,tt9026184
5ea21df10f80cf18ca219c35,tt8130904
5ea21df10f80cf18ca219c36,tt8076222
5ea21df10f80cf18ca219c37,
5ea21df10f80cf18ca219c38,tt10896172
5ea21df10f80cf18ca219c39,
5ea21df10f80cf18ca219c3a,tt10127562
5ea21df10f80cf18ca219c3b,
5ea21df10f80cf18ca219c3c,tt7786346
5ea21df10f80cf18ca219c3d,tt5000984
5ea21df10f80cf18ca219c3e,tt10367818
5ea21df10f80cf18ca219c3f,tt10643938
5ea21df10f80cf18ca219c40,
5ea21df10f80cf18ca219c41,tt9448362
5ea21df10f80cf18ca219c42,
5ea21df10f80cf18ca219c43,tt8630282
5ea21df10f80cf18ca219c44,
5ea21df10f80cf18ca219c45,
5ea21df10f80cf18ca219c46,tt10468636
5ea21df10f80cf18ca219c47,
5ea21df10f80cf18ca219c48,tt9402676
5ea21df10f80cf18ca219c49,tt8085790
5ea21df10f80cf18ca219c4a,tt6259380
5ea21df10f80cf18ca219c4b,tt8783532
5ea21df10f80cf18ca219c4c,tt8010544
5ea21df10f80cf18ca219c4d,tt6328116
5ea21df10f80cf18ca219c4e,
5ea21df10f80cf18ca219c4f,tt9206798
5ea21df10f80cf18ca219c50,tt3398268
5ea21df10f80cf18ca219c51,tt0113824
5ea21df10f80cf18ca219c52,tt0110008
5ea21df10f80cf18ca219c53,tt0347149
5ea21df10f80cf18ca219c54,tt1798188
5ea21df10f80cf18ca219c55,
5ea21df10f80cf18ca219c56,
5ea21df10f80cf18ca219c57,tt8993398
5ea21df10f80cf18ca219c58,
5ea21df10f80cf18ca219c59,
5ea21df10f80cf18ca219c5a,tt10864040
5ea21df10f80cf18ca219c5b,tt2983222
5ea21df10f80cf18ca219c5c,tt11454170
5ea21df10f80cf18ca219c5d,tt7785420
5ea21df10f80cf18ca219c5e,tt10446722
5ea21df10f80cf18ca219c5f,tt10809316
5ea21df10f80cf18ca219c60,tt5952594
5ea21df10f80cf18ca219c61,tt10147790
5ea21df10f80cf18ca219c62,
5ea21df10f80cf18ca219c63,tt7339826
5ea21df10f80cf18ca219c64,tt7236034
5ea21df10f80cf18ca219c65,tt10845262
5ea21df10f80cf18ca219c66,tt7131622
5ea21df10f80cf18ca219c67,tt10510166
5ea21df10f80cf18ca219c68,
5ea21df10f80cf18ca219c69,tt9358200
5ea21df10f80cf18ca219c6a,
5ea21df10f80cf18ca219c6b,tt11262978
5ea21df10f80cf18ca219c6c,tt6327210
5ea21df10f80cf18ca219c6d,tt8760684
5ea21df10f80cf18ca219c6e,
5ea21df10f80cf18ca219c6f,tt4291600
5ea21df10f80cf18ca219c70,
5ea21df10f80cf18ca219c71,tt0087544
5ea21df10f80cf18ca219c72,tt0206013
5ea21df10f80cf18ca219c73,
5ea21df10f80cf18ca219c74,tt6095472
5ea21df10f80cf18ca219c75,tt10443844
5ea21df10f80cf18ca219c76,tt0099699
5ea21df10f80cf18ca219c77,tt8391976
5ea21df10f80cf18ca219c78,
5ea21df10f80cf18ca219c79,tt11311974
5ea21df10f80cf18ca219c7a,tt11238048
5ea21df10f80cf18ca219c7b,
5ea21df10f80cf18ca219c7c,tt10896172
5ea21df10f80cf18ca219c7d,tt10127562
5ea21df10f80cf18ca219c7e,
5ea21df10f80cf18ca219c7f,tt10643938
5ea21df10f80cf18ca219c80,
5ea21df10f80cf18ca219c81,tt8630282
5ea21df10f80cf18ca219c82,tt5587360
5ea21df10f80cf18ca219c83,tt8443326
5ea21df10f80cf18ca219c84,tt9081562
5ea21df10f80cf18ca219c85,
5ea21df10f80cf18ca219c86,tt5633396
5ea21df10f80cf18ca219c87,tt0104652
5ea21df10f80cf18ca219c88,tt0102587
5ea21df10f80cf18ca219c89,tt1562328
5ea21df10f80cf18ca219c8a,tt0108432
5ea21df10f80cf18ca219c8b,tt0495596
5ea21df10f80cf18ca219c8c,tt0097814
5ea21df10f80cf18ca219c8d,tt0092067
5ea21df10f80cf18ca219c8e,
5ea21df10f80cf18ca219c8f,
5ea21df10f80cf18ca219c90,tt6823368
5ea21df10f80cf18ca219c91,
5ea21df10f80cf18ca219c92,tt9657764
5ea21df10f80cf18ca219c93,tt10883506
5ea21df10f80cf18ca219c94,
5ea21df10f80cf18ca219c95,
5ea21df10f80cf18ca219c96,tt6774588
5ea21df10f80cf18ca219c97,
5ea21df10f80cf18ca219c98,tt8001106
5ea21df10f80cf18ca219c99,
5ea21df10f80cf18ca219c9a,
5ea21df10f80cf18ca219c9b,tt6803718
5ea21df10f80cf18ca219c9c,tt6320628
5ea21df10f80cf18ca219c9d,
5ea21df10f80cf18ca219c9e,
5ea21df10f80cf18ca219c9f,
5ea21df10f80cf18ca219ca0,tt7020532
5ea21df10f80cf18ca219ca1,
5ea21df10f80cf18ca219ca2,
5ea21df10f80cf18ca219ca3,
5ea21df10f80cf18ca219ca4,tt6857112
5ea21df10f80cf18ca219ca5,
5ea21df10f80cf18ca219ca6,tt5828144
5ea21df10f80cf18ca219ca7,
5ea21df10f80cf18ca219ca8,
5ea21df10f80cf18ca219ca9,tt10061256
5ea21df10f80cf18ca219caa,tt9574444
5ea21df10f80cf18ca219cab,
5ea21df10f80cf18ca219cac,
5ea21df10f80cf18ca219cad,tt5514296
5ea21df10f80cf18ca219cae,tt10039468
5ea21df10f80cf18ca219caf,
5ea21df10f80cf18ca219cb0,tt10397734
5ea21df10f80cf18ca219cb1,tt1895466
5ea21df10f80cf18ca219cb2,
5ea21df10f80cf18ca219cb3,
5ea21df10f80cf18ca219cb4,tt1668053
5ea21df10f80cf18ca219cb5,tt1795681
5ea21df10f80cf18ca219cb6,tt0449642
5ea21df10f80cf18ca219cb7,tt0799991
5ea21df10f80cf18ca219cb8,tt8234490
5ea21df10f80cf18ca219cb9,
5ea21df10f80cf18ca219cba,
5ea21df10f80cf18ca219cbb,
5ea21df10f80cf18ca219cbc,tt1020956
5ea21df10f80cf18ca219cbd,tt7629780
5ea21df10f80cf18ca219cbe,
5ea21df10f80cf18ca219cbf,tt2364114
5ea21df10f80cf18ca219cc0,
5ea21df10f80cf18ca219cc1,
5ea21df10f80cf18ca219cc2,tt1272034
5ea21df10f80cf18ca219cc3,tt6449770
5ea21df10f80cf18ca219cc4,
5ea21df10f80cf18ca219cc5,tt1567130
5ea21df10f80cf18ca219cc6,tt6259380
5ea21df10f80cf18ca219cc7,tt8783532
5ea21df10f80cf18ca219cc8,tt7399138
5ea21df10f80cf18ca219cc9,tt3920820
5ea21df10f80cf18ca219cca,tt6328116
5ea21df10f80cf18ca219ccb,tt1709695
5ea21df10f80cf18ca219ccc,tt2171761
5ea21df10f80cf18ca219ccd,tt5237876
5ea21df10f80cf18ca219cce,tt4213758
5ea21df10f80cf18ca219ccf,tt3114938
5ea21df10f80cf18ca219cd0,tt2504404
5ea21df10f80cf18ca219cd1,tt3364242
5ea21df10f80cf18ca219cd2,tt4936300
5ea21df10f80cf18ca219cd3,tt9364848
5ea21df10f80cf18ca219cd4,tt8857590
5ea21df10f80cf18ca219cd5,
5ea21df10f80cf18ca219cd6,
5ea21df10f80cf18ca219cd7,
5ea21df10f80cf18ca219cd8,tt0301231
5ea21df10f80cf18ca219cd9,
5ea21df10f80cf18ca219cda,tt0415908
5ea21df10f80cf18ca219cdb,tt3802576
5ea21df10f80cf18ca219cdc,tt4939436
5ea21df20f80cf18ca219cdd,tt0107060
5ea21df20f80cf18ca219cde,tt1185420
5ea21df20f80cf18ca219cdf,tt0164550
5ea21df20f80cf18ca219ce0,tt0098999
5ea21df20f80cf18ca219ce1,tt0239682
5ea21df20f80cf18ca219ce2,tt3398268
5ea21df20f80cf18ca219ce3,tt0113824
5ea21df20f80cf18ca219ce4,tt0110008
5ea21df20f80cf18ca219ce5,tt0347149
5ea21df20f80cf18ca219ce6,tt0101343
5ea21df20f80cf18ca219ce7,tt1798188
5ea21df20f80cf18ca219ce8,
5ea21df20f80cf18ca219ce9,tt7624840
5ea21df20f80cf18ca219cea,
5ea21df20f80cf18ca219ceb,
5ea21df20f80cf18ca219cec,
5ea21df20f80cf18ca219ced,
5ea21df20f80cf18ca219cee,tt1388438
5ea21df20f80cf18ca219cef,
5ea21df20f80cf18ca219cf0,
5ea21df20f80cf18ca219cf1,tt10864040
5ea21df20f80cf18ca219cf2,
5ea21df20f80cf18ca219cf3,tt10011508
5ea21df20f80cf18ca219cf4,tt2076307
5ea21df20f80cf18ca219cf5,tt1194620
5ea21df20f80cf18ca219cf6,tt2497852
5ea21df20f80cf18ca219cf7,
5ea21df20f80cf18ca219cf8,tt11316824
5ea21df20f80cf18ca219cf9,
5ea21df20f80cf18ca219cfa,tt8228288
5ea21df20f80cf18ca219cfb,tt2983222
5ea21df20f80cf18ca219cfc,
5ea21df20f80cf18ca219cfd,tt6436212
5ea21df20f80cf18ca219cfe,tt7785420
5ea21df20f80cf18ca219cff,tt8677444
5ea21df20f80cf18ca219d00,tt9653828
5ea21df20f80cf18ca219d01,
5ea21df20f80cf18ca219d02,
5ea21df20f80cf18ca219d03,
5ea21df20f80cf18ca219d04,tt9176260
5ea21df20f80cf18ca219d05,
5ea21df20f80cf18ca219d06,
5ea21df20f80cf18ca219d07,tt7251666
5ea21df20f80cf18ca219d08,
5ea21df20f80cf18ca219d09,
5ea21df20f80cf18ca219d0a,tt4240654
5ea21df20f80cf18ca219d0b,tt8777022
5ea21df20f80cf18ca219d0c,
5ea21df20f80cf18ca219d0d,tt8686460
5ea21df20f80cf18ca219d0e,tt10845262
5ea21df20f80cf18ca219d0f,
5ea21df20f80cf18ca219d10,
5ea21df20f80cf18ca219d11,tt5514296
5ea21df20f80cf18ca219d12,tt10039468
5ea21df20f80cf18ca219d13,
5ea21df20f80cf18ca219d14,tt10397734
5ea21df20f80cf18ca219d15,
5ea21df20f80cf18ca219d16,
5ea21df20f80cf18ca219d17,tt7629780
5ea21df20f80cf18ca219d18,
5ea21df20f80cf18ca219d19,tt8783532
5ea21df20f80cf18ca219d1a,tt7399138
5ea21df20f80cf18ca219d1b,tt6328116
5ea21df20f80cf18ca219d1c,tt9364848
5ea21df20f80cf18ca219d1d,tt8857590
5ea21df20f80cf18ca219d1e,
5ea21df20f80cf18ca219d1f,
5ea21df20f80cf18ca219d20,tt0301231
5ea21df20f80cf18ca219d21,
5ea21df20f80cf18ca219d22,tt0415908
5ea21df20f80cf18ca219d23,tt3802576
5ea21df20f80cf18ca219d24,tt4939436
5ea21df20f80cf18ca219d25,tt0107060
5ea21df20f80cf18ca219d26,tt1185420
5ea21df20f80cf18ca219d27,tt0164550
5ea21df20f80cf18ca219d28,tt0098999
5ea21df20f80cf18ca219d29,tt0239682
5ea21df20f80cf18ca219d2a,tt5607096
5ea21df20f80cf18ca219d2b,tt3398268
5ea21df20f80cf18ca219d2c,tt0113824
5ea21df20f80cf18ca219d2d,tt0110008
5ea21df20f80cf18ca219d2e,tt0347149
5ea21df20f80cf18ca219d2f,tt1798188
5ea21df20f80cf18ca219d30,
5ea21df20f80cf18ca219d31,tt7624840
5ea21df20f80cf18ca219d32,
5ea21df20f80cf18ca219d33,
5ea21df20f80cf18ca219d34,
5ea21df20f80cf18ca219d35,
5ea21df20f80cf18ca219d36,
5ea21df20f80cf18ca219d37,
5ea21df20f80cf18ca219d38,tt10864040
5ea21df20f80cf18ca219d39,
5ea21df20f80cf18ca219d3a,tt10011508
5ea21df20f80cf18ca219d3b,tt11316824
5ea21df20f80cf18ca219d3c,
5ea21df20f80cf18ca219d3d,tt8228288
5ea21df20f80cf18ca219d3e,tt2983222
5ea21df20f80cf18ca219d3f,
5ea21df20f80cf18ca219d40,tt6436212
5ea21df20f80cf18ca219d41,tt7785420
5ea21df20f80cf18ca219d42,
5ea21df20f80cf18ca219d43,tt9176260
5ea21df20f80cf18ca219d44,tt8686460
5ea21df20f80cf18ca219d45,tt10845262
5ea21df20f80cf18ca219d46,tt5813910
5ea21df20f80cf18ca219d47,tt10254986
5ea21df20f80cf18ca219d48,
5ea21df20f80cf18ca219d49,tt9358200
5ea21df20f80cf18ca219d4a,tt7324726
5ea21df20f80cf18ca219d4b,
5ea21df20f80cf18ca219d4c,
5ea21df20f80cf18ca219d4d,tt8889472
5ea21df20f80cf18ca219d4e,tt0456149
5ea21df20f80cf18ca219d4f,tt1403047
5ea21df20f80cf18ca219d50,
5ea21df20f80cf18ca219d51,
5ea21df20f80cf18ca219d52,tt11262978
5ea21df20f80cf18ca219d53,tt2336014
5ea21df20f80cf18ca219d54,tt0087544
5ea21df20f80cf18ca219d55,tt0206013
5ea21df20f80cf18ca219d56,
5ea21df20f80cf18ca219d57,
5ea21df20f80cf18ca219d58,
5ea21df20f80cf18ca219d59,tt8693266
5ea21df20f80cf18ca219d5a,
5ea21df20f80cf18ca219d5b,
5ea21df20f80cf18ca219d5c,
5ea21df20f80cf18ca219d5d,tt8130904
5ea21df20f80cf18ca219d5e,tt8076222
5ea21df20f80cf18ca219d5f,
5ea21df20f80cf18ca219d60,tt10896172
5ea21df20f80cf18ca219d61,
5ea21df20f80cf18ca219d62,tt10127562
5ea21df20f80cf18ca219d63,
5ea21df20f80cf18ca219d64,tt7786346
5ea21df20f80cf18ca219d65,tt5000984
5ea21df20f80cf18ca219d66,tt10367818
5ea21df20f80cf18ca219d67,tt10643938
5ea21df20f80cf18ca219d68,
5ea21df20f80cf18ca219d69,tt9448362
5ea21df20f80cf18ca219d6a,
5ea21df20f80cf18ca219d6b,tt6439558
5ea21df20f80cf18ca219d6c,tt8630282
5ea21df20f80cf18ca219d6d,
5ea21df20f80cf18ca219d6e,tt10468636
5ea21df20f80cf18ca219d6f,
5ea21df20f80cf18ca219d70,
5ea21df20f80cf18ca219d71,tt10826102
5ea21df20f80cf18ca219d72,tt0104652
5ea21df20f80cf18ca219d73,tt0102587
5ea21df20f80cf18ca219d74,tt6280858
5ea21df20f80cf18ca219d75,tt7390646
5ea21df20f80cf18ca219d76,tt10809864
5ea21df20f80cf18ca219d77,
5ea21df20f80cf18ca219d78,tt5514296
5ea21df20f80cf18ca219d79,tt10039468
5ea21df20f80cf18ca219d7a,
5ea21df20f80cf18ca219d7b,tt10397734
5ea21df20f80cf18ca219d7c,tt1560220
5ea21df20f80cf18ca219d7d,
5ea21df20f80cf18ca219d7e,
5ea21df20f80cf18ca219d7f,tt7629780
5ea21df20f80cf18ca219d80,
5ea21df20f80cf18ca219d81,tt8783532
5ea21df20f80cf18ca219d82,tt6328116
5ea21df20f80cf18ca219d83,tt9364848
5ea21df20f80cf18ca219d84,tt8857590
5ea21df20f80cf18ca219d85,
5ea21df20f80cf18ca219d86,tt5002872
5ea21df20f80cf18ca219d87,tt4556730
5ea21df20f80cf18ca219d88,
5ea21df20f80cf18ca219d89,
5ea21df20f80cf18ca219d8a,tt0301231
5ea21df20f80cf18ca219d8b,
5ea21df20f80cf18ca219d8c,tt0415908
5ea21df20f80cf18ca219d8d,tt3802576
5ea21df20f80cf18ca219d8e,tt6213004
5ea21df20f80cf18ca219d8f,
5ea21df20f80cf18ca219d90,tt4939436
5ea21df20f80cf18ca219d91,tt0107060
5ea21df20f80cf18ca219d92,tt1185420
5ea21df20f80cf18ca219d93,tt0164550
5ea21df20f80cf18ca219d94,tt0098999
5ea21df20f80cf18ca219d95,tt0239682
5ea21df20f80cf18ca219d96,tt3398268
5ea21df20f80cf18ca219d97,tt0113824
5ea21df20f80cf18ca219d98,tt0110008
5ea21df20f80cf18ca219d99,tt0347149
5ea21df20f80cf18ca219d9a,tt1798188
5ea21df20f80cf18ca219d9b,tt4876716
5ea21df20f80cf18ca219d9c,tt6450136
5ea21df20f80cf18ca219d9d,
5ea21df20f80cf18ca219d9e,tt7624840
5ea21df20f80cf18ca219d9f,
5ea21df20f80cf18ca219da0,
5ea21df20f80cf18ca219da1,
5ea21df20f80cf18ca219da2,
5ea21df20f80cf18ca219da3,
5ea21df20f80cf18ca219da4,
5ea21df20f80cf18ca219da5,tt8993398
5ea21df20f80cf18ca219da6,tt10864040
5ea21df20f80cf18ca219da7,
5ea21df20f80cf18ca219da8,tt10011508
5ea21df20f80cf18ca219da9,tt11316824
5ea21df20f80cf18ca219daa,
5ea21df20f80cf18ca219dab,tt8228288
5ea21df20f80cf18ca219dac,tt2983222
5ea21df20f80cf18ca219dad,tt6436212
5ea21df20f80cf18ca219dae,tt8186318
5ea21df20f80cf18ca219daf,tt7785420
5ea21df20f80cf18ca219db0,tt8670784
5ea21df20f80cf18ca219db1,
5ea21df20f80cf18ca219db2,tt9176260
5ea21df20f80cf18ca219db3,tt8686460
5ea21df20f80cf18ca219db4,tt10845262
5ea21df20f80cf18ca219db5,tt7131622
5ea21df20f80cf18ca219db6,tt10254986
5ea21df20f80cf18ca219db7,
5ea21df20f80cf18ca219db8,tt9358200
5ea21df20f80cf18ca219db9,tt7324726
5ea21df20f80cf18ca219dba,
5ea21df20f80cf18ca219dbb,
5ea21df20f80cf18ca219dbc,tt8889472
5ea21df20f80cf18ca219dbd,tt0456149
5ea21df20f80cf18ca219dbe,tt1403047
5ea21df20f80cf18ca219dbf,
5ea21df20f80cf18ca219dc0,
5ea21df20f80cf18ca219dc1,
5ea21df20f80cf18ca219dc2,tt11262978
5ea21df20f80cf18ca219dc3,tt2336014
5ea21df20f80cf18ca219dc4,tt0087544
5ea21df20f80cf18ca219dc5,tt0206013
5ea21df20f80cf18ca219dc6,
5ea21df20f80cf18ca219dc7,
5ea21df20f80cf18ca219dc8,
5ea21df20f80cf18ca219dc9,tt8693266
5ea21df20f80cf18ca219dca,
5ea21df20f80cf18ca219dcb,
5ea21df20f80cf18ca219dcc,tt8130904
5ea21df20f80cf18ca219dcd,tt8076222
5ea21df20f80cf18ca219dce,
5ea21df20f80cf18ca219dcf,tt10896172
5ea21df20f80cf18ca219dd0,
5ea21df20f80cf18ca219dd1,tt10127562
5ea21df20f80cf18ca219dd2,
5ea21df20f80cf18ca219dd3,tt7786346
5ea21df20f80cf18ca219dd4,tt5000984
5ea21df20f80cf18ca219dd5,tt10367818
5ea21df20f80cf18ca219dd6,tt10643938
5ea21df20f80cf18ca219dd7,
5ea21df20f80cf18ca219dd8,
5ea21df20f80cf18ca219dd9,tt5514296
5ea21df20f80cf18ca219dda,tt10039468
5ea21df20f80cf18ca219ddb,
5ea21df20f80cf18ca219ddc,tt10397734
5ea21df20f80cf18ca219ddd,
5ea21df20f80cf18ca219dde,
5ea21df20f80cf18ca219ddf,tt7629780
5ea21df20f80cf18ca219de0,
5ea21df20f80cf18ca219de1,tt8783532
5ea21df20f80cf18ca219de2,tt7399138
5ea21df20f80cf18ca219de3,tt6328116
5ea21df20f80cf18ca219de4,tt9364848
5ea21df20f80cf18ca219de5,tt8857590
5ea21df20f80cf18ca219de6,
5ea21df20f80cf18ca219de7,
5ea21df20f80cf18ca219de8,tt0301231
5ea21df20f80cf18ca219de9,
5ea21df20f80cf18ca219dea,tt0415908
5ea21df20f80cf18ca219deb,tt3802576
5ea21df20f80cf18ca219dec,tt4939436
5ea21df20f80cf18ca219ded,tt0107060
5ea21df20f80cf18ca219dee,tt1185420
5ea21df20f80cf18ca219def,tt0164550
5ea21df20f80cf18ca219df0,tt0098999
5ea21df20f80cf18ca219df1,tt0239682
5ea21df20f80cf18ca219df2,tt0080716
5ea21df20f80cf18ca219df3,tt5607096
5ea21df20f80cf18ca219df4,tt3398268
5ea21df20f80cf18ca219df5,tt0113824
5ea21df20f80cf18ca219df6,tt0110008
5ea21df20f80cf18ca219df7,tt0347149
5ea21df20f80cf18ca219df8,tt1798188
5ea21df20f80cf18ca219df9,
5ea21df20f80cf18ca219dfa,tt7624840
5ea21df20f80cf18ca219dfb,
5ea21df20f80cf18ca219dfc,
5ea21df20f80cf18ca219dfd,
5ea21df20f80cf18ca219dfe,
5ea21df20f80cf18ca219dff,
5ea21df20f80cf18ca219e00,
5ea21df20f80cf18ca219e01,tt10864040
5ea21df20f80cf18ca219e02,
5ea21df20f80cf18ca219e03,tt10011508
5ea21df20f80cf18ca219e04,tt11316824
5ea21df20f80cf18ca219e05,
5ea21df20f80cf18ca219e06,tt8228288
5ea21df20f80cf18ca219e07,tt2983222
5ea21df20f80cf18ca219e08,
5ea21df20f80cf18ca219e09,tt6436212
5ea21df20f80cf18ca219e0a,tt7785420
5ea21df20f80cf18ca219e0b,
5ea21df20f80cf18ca219e0c,tt9176260
5ea21df20f80cf18ca219e0d,tt8686460
5ea21df20f80cf18ca219e0e,tt10845262
5ea21df20f80cf18ca219e0f,tt5813910
5ea21df20f80cf18ca219e10,tt10254986
5ea21df20f80cf18ca219e11,
5ea21df20f80cf18ca219e12,tt9358200
5ea21df20f80cf18ca219e13,tt7324726
5ea21df20f80cf18ca219e14,
5ea21df20f80cf18ca219e15,
5ea21df20f80cf18ca219e16,tt8889472
5ea21df20f80cf18ca219e17,tt0456149
5ea21df20f80cf18ca219e18,tt1403047
5ea21df20f80cf18ca219e19,
5ea21df20f80cf18ca219e1a,
5ea21df20f80cf18ca219e1b,tt11262978
5ea21df20f80cf18ca219e1c,tt2336014
5ea21df20f80cf18ca219e1d,tt0087544
5ea21df20f80cf18ca219e1e,tt0206013
5ea21df20f80cf18ca219e1f,
5ea21df20f80cf18ca219e20,
5ea21df20f80cf18ca219e21,
5ea21df20f80cf18ca219e22,tt8693266
5ea21df20f80cf18ca219e23,
5ea21df20f80cf18ca219e24,
5ea21df20f80cf18ca219e25,
5ea21df20f80cf18ca219e26,tt8130904
5ea21df20f80cf18ca219e27,tt8076222
5ea21df20f80cf18ca219e28,
5ea21df20f80cf18ca219e29,tt10896172
5ea21df20f80cf18ca219e2a,
5ea21df20f80cf18ca219e2b,tt10127562
5ea21df20f80cf18ca219e2c,tt6933454
5ea21df20f80cf18ca219e2d,
5ea21df20f80cf18ca219e2e,tt7786346
5ea21df20f80cf18ca219e2f,tt5000984
5ea21df20f80cf18ca219e30,tt10367818
5ea21df20f80cf18ca219e31,tt10643938
5ea21df20f80cf18ca219e32,
5ea21df20f80cf18ca219e33,tt9448362
5ea21df20f80cf18ca219e34,
5ea21df20f80cf18ca219e35,tt6439558
5ea21df20f80cf18ca219e36,tt8630282
5ea21df20f80cf18ca219e37,
5ea21df20f80cf18ca219e38,tt10468636
5ea21df20f80cf18ca219e39,
5ea21df20f80cf18ca219e3a,
5ea21df20f80cf18ca219e3b,tt10826102
5ea21df20f80cf18ca219e3c,
5ea21df20f80cf18ca219e3d,tt5514296
5ea21df20f80cf18ca219e3e,tt10039468
5ea21df20f80cf18ca219e3f,
5ea21df20f80cf18ca219e40,tt10397734
5ea21df20f80cf18ca219e41,
5ea21df20f80cf18ca219e42,tt8234490
5ea21df20f80cf18ca219e43,
5ea21df20f80cf18ca219e44,tt7629780
5ea21df20f80cf18ca219e45,
5ea21df20f80cf18ca219e46,tt6259380
5ea21df20f80cf18ca219e47,tt8783532
5ea21df20f80cf18ca219e48,tt7399138
5ea21df20f80cf18ca219e49,tt6328116
5ea21df20f80cf18ca219e4a,tt9364848
5ea21df20f80cf18ca219e4b,tt8857590
5ea21df20f80cf18ca219e4c,
5ea21df20f80cf18ca219e4d,
5ea21df20f80cf18ca219e4e,tt0301231
5ea21df20f80cf18ca219e4f,
5ea21df20f80cf18ca219e50,tt0415908
5ea21df20f80cf18ca219e51,tt3802576
5ea21df20f80cf18ca219e52,tt4939436
5ea21df20f80cf18ca219e53,tt0107060
5ea21df20f80cf18ca219e54,tt1185420
5ea21df20f80cf18ca219e55,tt0164550
5ea21df20f80cf18ca219e56,tt0098999
5ea21df20f80cf18ca219e57,tt0239682
5ea21df20f80cf18ca219e58,tt3398268
5ea21df20f80cf18ca219e59,tt0113824
5ea21df20f80cf18ca219e5a,tt0110008
5ea21df20f80cf18ca219e5b,tt0347149
5ea21df20f80cf18ca219e5c,tt0101343
5ea21df20f80cf18ca219e5d,tt1798188
5ea21df20f80cf18ca219e5e,
5ea21df20f80cf18ca219e5f,tt7624840
5ea21df20f80cf18ca219e60,
5ea21df20f80cf18ca219e61,
5ea21df20f80cf18ca219e62,
5ea21df20f80cf18ca219e63,
5ea21df20f80cf18ca219e64,
5ea21df20f80cf18ca219e65,
5ea21df20f80cf18ca219e66,tt10864040
5ea21df20f80cf18ca219e67,
5ea21df20f80cf18ca219e68,tt10011508
5ea21df20f80cf18ca219e69,tt11316824
5ea21df20f80cf18ca219e6a,
5ea21df20f80cf18ca219e6b,tt8228288
5ea21df20f80cf18ca219e6c,tt2983222
5ea21df20f80cf18ca219e6d,
5ea21df20f80cf18ca219e6e,tt6436212
5ea21df20f80cf18ca219e6f,tt7785420
5ea21df20f80cf18ca219e70,
5ea21df20f80cf18ca219e71,tt9176260
5ea21df20f80cf18ca219e72,tt8686460
5ea21df20f80cf18ca219e73,tt7253078
5ea21df20f80cf18ca219e74,tt10845262
5ea21df20f80cf18ca219e75,tt5813910
5ea21df20f80cf18ca219e76,tt10254986
5ea21df20f80cf18ca219e77,
5ea21df20f80cf18ca219e78,
5ea21df20f80cf18ca219e79,tt9358200
5ea21df20f80cf18ca219e7a,tt7324726
5ea21df20f80cf18ca219e7b,
5ea21df20f80cf18ca219e7c,
5ea21df20f80cf18ca219e7d,tt8889472
5ea21df20f80cf18ca219e7e,tt0456149
5ea21df20f80cf18ca219e7f,tt1403047
5ea21df20f80cf18ca219e80,
5ea21df20f80cf18ca219e81,
5ea21df20f80cf18ca219e82,
5ea21df20f80cf18ca219e83,tt11262978
5ea21df20f80cf18ca219e84,tt5246902
5ea21df20f80cf18ca219e85,tt2336014
5ea21df20f80cf18ca219e86,tt0087544
5ea21df20f80cf18ca219e87,tt0206013
5ea21df20f80cf18ca219e88,
5ea21df20f80cf18ca219e89,
5ea21df20f80cf18ca219e8a,
5ea21df20f80cf18ca219e8b,tt8693266
5ea21df20f80cf18ca219e8c,
5ea21df20f80cf18ca219e8d,
5ea21df20f80cf18ca219e8e,
5ea21df20f80cf18ca219e8f,tt8130904
5ea21df20f80cf18ca219e90,tt8076222
5ea21df20f80cf18ca219e91,
5ea21df20f80cf18ca219e92,tt10896172
5ea21df20f80cf18ca219e93,
5ea21df20f80cf18ca219e94,tt10127562
5ea21df20f80cf18ca219e95,tt6933454
5ea21df20f80cf18ca219e96,
5ea21df20f80cf18ca219e97,tt7786346
5ea21df20f80cf18ca219e98,tt5000984
5ea21df20f80cf18ca219e99,tt10367818
5ea21df20f80cf18ca219e9a,tt10643938
5ea21df20f80cf18ca219e9b,
5ea21df20f80cf18ca219e9c,tt9448362
5ea21df20f80cf18ca219e9d,
5ea21df20f80cf18ca219e9e,tt6439558
5ea21df20f80cf18ca219e9f,tt8630282
5ea21df20f80cf18ca219ea0,tt6280858
5ea21df20f80cf18ca219ea1,tt7390646
5ea21df20f80cf18ca219ea2,tt10809864
5ea21df20f80cf18ca219ea3,
5ea21df20f80cf18ca219ea4,tt5514296
5ea21df20f80cf18ca219ea5,tt10039468
5ea21df20f80cf18ca219ea6,
5ea21df20f80cf18ca219ea7,tt10397734
5ea21df20f80cf18ca219ea8,tt1560220
5ea21df20f80cf18ca219ea9,
5ea21df20f80cf18ca219eaa,
5ea21df20f80cf18ca219eab,tt7629780
5ea21df20f80cf18ca219eac,
5ea21df20f80cf18ca219ead,tt8783532
5ea21df20f80cf18ca219eae,tt6328116
5ea21df20f80cf18ca219eaf,tt9364848
5ea21df20f80cf18ca219eb0,tt8857590
5ea21df20f80cf18ca219eb1,
5ea21df20f80cf18ca219eb2,tt5002872
5ea21df20f80cf18ca219eb3,tt4556730
5ea21df20f80cf18ca219eb4,
5ea21df20f80cf18ca219eb5,
5ea21df20f80cf18ca219eb6,tt0301231
5ea21df20f80cf18ca219eb7,
5ea21df20f80cf18ca219eb8,tt0415908
5ea21df20f80cf18ca219eb9,tt3802576
5ea21df20f80cf18ca219eba,tt6213004
5ea21df20f80cf18ca219ebb,
5ea21df20f80cf18ca219ebc,tt4939436
5ea21df20f80cf18ca219ebd,tt0107060
5ea21df20f80cf18ca219ebe,tt1185420
5ea21df20f80cf18ca219ebf,tt0164550
5ea21df20f80cf18ca219ec0,tt0098999
5ea21df20f80cf18ca219ec1,tt0239682
5ea21df20f80cf18ca219ec2,tt3398268
5ea21df20f80cf18ca219ec3,tt0113824
5ea21df20f80cf18ca219ec4,tt0110008
5ea21df20f80cf18ca219ec5,tt0347149
5ea21df20f80cf18ca219ec6,tt1798188
5ea21df20f80cf18ca219ec7,tt4876716
5ea21df20f80cf18ca219ec8,tt6450136
5ea21df20f80cf18ca219ec9,
5ea21df20f80cf18ca219eca,tt7624840
5ea21df20f80cf18ca219ecb,
5ea21df20f80cf18ca219ecc,
5ea21df20f80cf18ca219ecd,
5ea21df20f80cf18ca219ece,
5ea21df20f80cf18ca219ecf,
5ea21df20f80cf18ca219ed0,
5ea21df20f80cf18ca219ed1,tt8993398
5ea21df20f80cf18ca219ed2,tt10864040
5ea21df20f80cf18ca219ed3,
5ea21df20f80cf18ca219ed4,tt10011508
5ea21df20f80cf18ca219ed5,tt11316824
5ea21df20f80cf18ca219ed6,
5ea21df20f80cf18ca219ed7,tt8228288
5ea21df20f80cf18ca219ed8,tt2983222
5ea21df20f80cf18ca219ed9,tt6436212
5ea21df20f80cf18ca219eda,tt8186318
5ea21df20f80cf18ca219edb,tt7785420
5ea21df20f80cf18ca219edc,tt8670784
5ea21df20f80cf18ca219edd,
5ea21df20f80cf18ca219ede,tt9176260
5ea21df20f80cf18ca219edf,tt8686460
5ea21df20f80cf18ca219ee0,tt10845262
5ea21df20f80cf18ca219ee1,tt7131622
5ea21df20f80cf18ca219ee2,tt10254986
5ea21df20f80cf18ca219ee3,
5ea21df20f80cf18ca219ee4,tt9358200
5ea21df20f80cf18ca219ee5,tt7324726
5ea21df20f80cf18ca219ee6,
5ea21df20f80cf18ca219ee7,
5ea21df20f80cf18ca219ee8,tt8889472
5ea21df20f80cf18ca219ee9,tt0456149
5ea21df20f80cf18ca219eea,tt1403047
5ea21df20f80cf18ca219eeb,
5ea21df20f80cf18ca219eec,
5ea21df20f80cf18ca219eed,
5ea21df20f80cf18ca219eee,tt11262978
5ea21df20f80cf18ca219eef,tt2336014
5ea21df20f80cf18ca219ef0,tt0087544
5ea21df20f80cf18ca219ef1,tt0206013
5ea21df20f80cf18ca219ef2,
5ea21df20f80cf18ca219ef3,
5ea21df20f80cf18ca219ef4,
5ea21df20f80cf18ca219ef5,tt8693266
5ea21df20f80cf18ca219ef6,
5ea21df20f80cf18ca219ef7,
5ea21df20f80cf18ca219ef8,tt8130904
5ea21df20f80cf18ca219ef9,tt8076222
5ea21df20f80cf18ca219efa,
5ea21df20f80cf18ca219efb,tt10896172
5ea21df20f80cf18ca219efc,
5ea21df20f80cf18ca219efd,tt10127562
5ea21df20f80cf18ca219efe,
5ea21df20f80cf18ca219eff,tt7786346
5ea21df20f80cf18ca219f00,tt5000984
5ea21df20f80cf18ca219f01,tt10367818
5ea21df20f80cf18ca219f02,tt10643938
5ea21df20f80cf18ca219f03,
5ea21df20f80cf18ca219f04,
5ea21df20f80cf18ca219f05,tt5514296
5ea21df20f80cf18ca219f06,tt10039468
5ea21df20f80cf18ca219f07,
5ea21df20f80cf18ca219f08,tt7605396
5ea21df20f80cf18ca219f09,
5ea21df20f80cf18ca219f0a,tt1206885
5ea21df20f80cf18ca219f0b,
5ea21df20f80cf18ca219f0c,tt7629780
5ea21df20f80cf18ca219f0d,
5ea21df20f80cf18ca219f0e,
5ea21df20f80cf18ca219f0f,tt9625664
5ea21df20f80cf18ca219f10,tt6259380
5ea21df20f80cf18ca219f11,tt6328116
5ea21df20f80cf18ca219f12,tt9364848
5ea21df20f80cf18ca219f13,tt8857590
5ea21df20f80cf18ca219f14,
5ea21df20f80cf18ca219f15,
5ea21df20f80cf18ca219f16,tt0301231
5ea21df20f80cf18ca219f17,
5ea21df20f80cf18ca219f18,tt0415908
5ea21df20f80cf18ca219f19,tt3802576
5ea21df20f80cf18ca219f1a,tt4939436
5ea21df20f80cf18ca219f1b,tt0107060
5ea21df20f80cf18ca219f1c,tt1185420
5ea21df20f80cf18ca219f1d,tt0164550
5ea21df20f80cf18ca219f1e,tt0098999
5ea21df20f80cf18ca219f1f,tt0239682
5ea21df20f80cf18ca219f20,tt5607096
5ea21df20f80cf18ca219f21,tt3398268
5ea21df20f80cf18ca219f22,tt0113824
5ea21df20f80cf18ca219f23,tt0110008
5ea21df20f80cf18ca219f24,tt0347149
5ea21df20f80cf18ca219f25,tt1798188
5ea21df20f80cf18ca219f26,
5ea21df20f80cf18ca219f27,tt7624840
5ea21df20f80cf18ca219f28,
5ea21df20f80cf18ca219f29,
5ea21df20f80cf18ca219f2a,
5ea21df20f80cf18ca219f2b,tt10864040
5ea21df20f80cf18ca219f2c,
5ea21df20f80cf18ca219f2d,tt10011508
5ea21df20f80cf18ca219f2e,tt11316824
5ea21df20f80cf18ca219f2f,
5ea21df20f80cf18ca219f30,tt8228288
5ea21df20f80cf18ca219f31,tt2983222
5ea21df20f80cf18ca219f32,tt6189022
5ea21df20f80cf18ca219f33,tt8620646
5ea21df20f80cf18ca219f34,tt6436212
5ea21df20f80cf18ca219f35,
5ea21df20f80cf18ca219f36,tt0159362
5ea21df20f80cf18ca219f37,
5ea21df20f80cf18ca219f38,tt0159361
5ea21df20f80cf18ca219f39,tt0099272
5ea21df20f80cf18ca219f3a,tt0097067
5ea21df20f80cf18ca219f3b,tt8186318
5ea21df20f80cf18ca219f3c,
5ea21df20f80cf18ca219f3d,tt10845262
5ea21df20f80cf18ca219f3e,tt7131622
5ea21df20f80cf18ca219f3f,tt5813910
5ea21df20f80cf18ca219f40,tt10254986
5ea21df20f80cf18ca219f41,
5ea21df20f80cf18ca219f42,tt9358200
5ea21df20f80cf18ca219f43,
5ea21df20f80cf18ca219f44,
5ea21df20f80cf18ca219f45,
5ea21df20f80cf18ca219f46,
5ea21df20f80cf18ca219f47,tt11262978
5ea21df20f80cf18ca219f48,tt0839829
5ea21df20f80cf18ca219f49,tt8413624
5ea21df20f80cf18ca219f4a,tt5246902
5ea21df20f80cf18ca219f4b,tt0087544
5ea21df20f80cf18ca219f4c,tt0206013
5ea21df20f80cf18ca219f4d,
5ea21df20f80cf18ca219f4e,
5ea21df20f80cf18ca219f4f,
5ea21df20f80cf18ca219f50,tt8693266
5ea21df20f80cf18ca219f51,tt6865690
5ea21df20f80cf18ca219f52,tt6095472
5ea21df20f80cf18ca219f53,
5ea21df20f80cf18ca219f54,tt8809652
5ea21df20f80cf18ca219f55,
5ea21df20f80cf18ca219f56,tt8130904
5ea21df20f80cf18ca219f57,tt8076222
5ea21df20f80cf18ca219f58,
5ea21df20f80cf18ca219f59,tt10896172
5ea21df20f80cf18ca219f5a,
5ea21df20f80cf18ca219f5b,tt10127562
5ea21df20f80cf18ca219f5c,
5ea21df20f80cf18ca219f5d,tt7786346
5ea21df20f80cf18ca219f5e,tt5000984
5ea21df20f80cf18ca219f5f,tt5932728
5ea21df20f80cf18ca219f60,tt10367818
5ea21df20f80cf18ca219f61,tt10643938
5ea21df20f80cf18ca219f62,
5ea21df20f80cf18ca219f63,
5ea21df20f80cf18ca219f64,
5ea21df20f80cf18ca219f65,tt8630282
5ea21df20f80cf18ca219f66,
5ea21df20f80cf18ca219f67,
5ea21df20f80cf18ca219f68,
5ea21df20f80cf18ca219f69,tt5514296
5ea21df20f80cf18ca219f6a,tt10039468
5ea21df20f80cf18ca219f6b,
5ea21df20f80cf18ca219f6c,tt10397734
5ea21df20f80cf18ca219f6d,
5ea21df20f80cf18ca219f6e,
5ea21df20f80cf18ca219f6f,tt1576722
5ea21df20f80cf18ca219f70,
5ea21df20f80cf18ca219f71,tt7629780
5ea21df20f80cf18ca219f72,
5ea21df20f80cf18ca219f73,tt10613550
5ea21df20f80cf18ca219f74,
5ea21df20f80cf18ca219f75,
5ea21df20f80cf18ca219f76,tt6259380
5ea21df20f80cf18ca219f77,tt8783532
5ea21df20f80cf18ca219f78,tt3243554
5ea21df20f80cf18ca219f79,tt6533240
5ea21df20f80cf18ca219f7a,tt3920820
5ea21df20f80cf18ca219f7b,tt6328116
5ea21df20f80cf18ca219f7c,tt9364848
5ea21df20f80cf18ca219f7d,tt8857590
5ea21df20f80cf18ca219f7e,
5ea21df20f80cf18ca219f7f,
5ea21df20f80cf18ca219f80,tt0301231
5ea21df20f80cf18ca219f81,
5ea21df20f80cf18ca219f82,tt0415908
5ea21df20f80cf18ca219f83,tt3802576
5ea21df20f80cf18ca219f84,tt4939436
5ea21df20f80cf18ca219f85,tt0107060
5ea21df20f80cf18ca219f86,tt1185420
5ea21df20f80cf18ca219f87,tt0164550
5ea21df20f80cf18ca219f88,tt0098999
5ea21df20f80cf18ca219f89,tt0239682
5ea21df20f80cf18ca219f8a,tt3398268
5ea21df20f80cf18ca219f8b,tt0113824
5ea21df20f80cf18ca219f8c,tt0110008
5ea21df20f80cf18ca219f8d,tt0347149
5ea21df20f80cf18ca219f8e,tt1798188
5ea21df20f80cf18ca219f8f,
5ea21df20f80cf18ca219f90,tt7624840
5ea21df20f80cf18ca219f91,
5ea21df20f80cf18ca219f92,
5ea21df20f80cf18ca219f93,
5ea21df20f80cf18ca219f94,
5ea21df20f80cf18ca219f95,
5ea21df20f80cf18ca219f96,
5ea21df20f80cf18ca219f97,tt10864040
5ea21df20f80cf18ca219f98,
5ea21df20f80cf18ca219f99,tt10011508
5ea21df20f80cf18ca219f9a,
5ea21df20f80cf18ca219f9b,tt11316824
5ea21df20f80cf18ca219f9c,
5ea21df20f80cf18ca219f9d,tt8228288
5ea21df20f80cf18ca219f9e,tt2983222
5ea21df20f80cf18ca219f9f,tt6436212
5ea21df20f80cf18ca219fa0,tt8186318
5ea21df20f80cf18ca219fa1,tt7785420
5ea21df20f80cf18ca219fa2,
5ea21df20f80cf18ca219fa3,tt9176260
5ea21df20f80cf18ca219fa4,
5ea21df20f80cf18ca219fa5,tt8686460
5ea21df20f80cf18ca219fa6,tt10845262
5ea21df20f80cf18ca219fa7,tt6378942
5ea21df20f80cf18ca219fa8,tt5813910
5ea21df20f80cf18ca219fa9,tt10254986
5ea21df20f80cf18ca219faa,
5ea21df20f80cf18ca219fab,
5ea21df20f80cf18ca219fac,tt9358200
5ea21df20f80cf18ca219fad,tt7324726
5ea21df20f80cf18ca219fae,
5ea21df20f80cf18ca219faf,
5ea21df20f80cf18ca219fb0,tt4356480
5ea21df20f80cf18ca219fb1,tt8889472
5ea21df20f80cf18ca219fb2,tt0456149
5ea21df20f80cf18ca219fb3,tt1403047
5ea21df20f80cf18ca219fb4,
5ea21df20f80cf18ca219fb5,tt8737124
5ea21df20f80cf18ca219fb6,
5ea21df20f80cf18ca219fb7,tt10108544
5ea21df20f80cf18ca219fb8,
5ea21df20f80cf18ca219fb9,tt1213929
5ea21df20f80cf18ca219fba,tt5335244
5ea21df20f80cf18ca219fbb,tt11262978
5ea21df20f80cf18ca219fbc,tt8413624
5ea21df20f80cf18ca219fbd,tt2336014
5ea21df20f80cf18ca219fbe,tt0087544
5ea21df20f80cf18ca219fbf,tt0206013
5ea21df20f80cf18ca219fc0,
5ea21df20f80cf18ca219fc1,
5ea21df20f80cf18ca219fc2,
5ea21df20f80cf18ca219fc3,tt8693266
5ea21df20f80cf18ca219fc4,
5ea21df20f80cf18ca219fc5,tt6659936
5ea21df20f80cf18ca219fc6,
5ea21df20f80cf18ca219fc7,tt9026184
5ea21df20f80cf18ca219fc8,tt8130904
5ea21df20f80cf18ca219fc9,tt8076222
5ea21df20f80cf18ca219fca,
5ea21df20f80cf18ca219fcb,
